number,type
1,Transfer
2,Refund
3,Transfer
4,Refund
5,Transfer
6,Refund
7,Transfer
8,Refund
9,Transfer
10,Refund
11,Transfer
12,Refund
13,Transfer
14,Refund
15,Transfer
16,Refund
17,Transfer
18,Refund
19,Transfer
20,Refund
21,Transfer
22,Refund
23,Transfer
24,Refund
25,Transfer
26,Refund
27,Transfer
28,Refund
29,Transfer
30,Refund
31,Transfer
32,Refund
33,Transfer
34,Refund
35,Transfer
36,Refund
37,Transfer
38,Refund
39,Transfer
40,Refund
41,Transfer
42,Refund
43,Transfer
44,Refund
45,Transfer
46,Refund
47,Transfer
48,Refund
49,Transfer
50,Refund
51,Transfer
52,Refund
53,Transfer
54,Refund
55,Transfer
56,Refund
57,Transfer
58,Refund
59,Transfer
60,Refund
61,Transfer
62,Refund
63,Transfer
64,Refund
65,Transfer
66,Refund
67,Transfer
68,Refund
69,Transfer
70,Refund
71,Transfer
72,Refund
73,Transfer
74,Refund
75,Transfer
76,Refund
77,Transfer
78,Refund
79,Transfer
80,Refund
81,Transfer
82,Refund
83,Transfer
84,Refund
85,Transfer
86,Refund
87,Transfer
88,Refund
89,Transfer
90,Refund
91,Transfer
92,Refund
93,Transfer
94,Refund
95,Transfer
96,Refund
97,Transfer
98,Refund
99,Transfer
100,Refund
101,Transfer
102,Refund
103,Transfer
104,Refund
105,Transfer
106,Refund
107,Transfer
108,Refund
109,Transfer
110,Refund
111,Transfer
112,Refund
113,Transfer
114,Refund
115,Transfer
116,Refund
117,Transfer
118,Refund
119,Transfer
120,Refund
121,Transfer
122,Refund
123,Transfer
124,Refund
125,Transfer
126,Refund
127,Transfer
128,Refund
129,Transfer
130,Refund
131,Transfer
132,Refund
133,Transfer
134,Refund
135,Transfer
136,Refund
137,Transfer
138,Refund
139,Transfer
140,Refund
141,Transfer
142,Refund
143,Transfer
144,Refund
145,Transfer
146,Refund
147,Transfer
148,Refund
149,Transfer
150,Refund
151,Transfer
152,Refund
153,Transfer
154,Refund
155,Transfer
156,Refund
157,Transfer
158,Refund
159,Transfer
160,Refund
161,Transfer
162,Refund
163,Transfer
164,Refund
165,Transfer
166,Refund
167,Transfer
168,Refund
169,Transfer
170,Refund
171,Transfer
172,Refund
173,Transfer
174,Refund
175,Transfer
176,Refund
177,Transfer
178,Refund
179,Transfer
180,Refund
181,Transfer
182,Refund
183,Transfer
184,Refund
185,Transfer
186,Refund
187,Transfer
188,Refund
189,Transfer
190,Refund
191,Transfer
192,Refund
193,Transfer
194,Refund
195,Transfer
196,Refund
197,Transfer
198,Refund
199,Transfer
200,Refund
201,Transfer
202,Refund
203,Transfer
204,Refund
205,Transfer
206,Refund
207,Transfer
208,Refund
209,Transfer
210,Refund
211,Transfer
212,Refund
213,Transfer
214,Refund
215,Transfer
216,Refund
217,Transfer
218,Refund
219,Transfer
220,Refund
221,Transfer
222,Refund
223,Transfer
224,Refund
225,Transfer
226,Refund
227,Transfer
228,Refund
229,Transfer
230,Refund
231,Transfer
232,Refund
233,Transfer
234,Refund
235,Transfer
236,Refund
237,Transfer
238,Refund
239,Transfer
240,Refund
241,Transfer
242,Refund
243,Transfer
244,Refund
245,Transfer
246,Refund
247,Transfer
248,Refund
249,Transfer
250,Refund
251,Transfer
252,Refund
253,Transfer
254,Refund
255,Transfer
256,Refund
257,Transfer
258,Refund
259,Transfer
260,Refund
261,Transfer
262,Refund
263,Transfer
264,Refund
265,Transfer
266,Refund
267,Transfer
268,Refund
269,Transfer
270,Refund
271,Transfer
272,Refund
273,Transfer
274,Refund
275,Transfer
276,Refund
277,Transfer
278,Refund
279,Transfer
280,Refund
281,Transfer
282,Refund
283,Transfer
284,Refund
285,Transfer
286,Refund
287,Transfer
288,Refund
289,Transfer
290,Refund
291,Transfer
292,Refund
293,Transfer
294,Refund
295,Transfer
296,Refund
297,Transfer
298,Refund
299,Transfer
300,Refund
301,Transfer
302,Refund
303,Transfer
304,Refund
305,Transfer
306,Refund
307,Transfer
308,Refund
309,Transfer
310,Refund
311,Transfer
312,Refund
313,Transfer
314,Refund
315,Transfer
316,Refund
317,Transfer
318,Refund
319,Transfer
320,Refund
321,Transfer
322,Refund
323,Transfer
324,Refund
325,Transfer
326,Refund
327,Transfer
328,Refund
329,Transfer
330,Refund
331,Transfer
332,Refund
333,Transfer
334,Refund
335,Transfer
336,Refund
337,Transfer
338,Refund
339,Transfer
340,Refund
341,Transfer
342,Refund
343,Transfer
344,Refund
345,Transfer
346,Refund
347,Transfer
348,Refund
349,Transfer
350,Refund
351,Transfer
352,Refund
353,Transfer
354,Refund
355,Transfer
356,Refund
357,Transfer
358,Refund
359,Transfer
360,Refund
361,Transfer
362,Refund
363,Transfer
364,Refund
365,Transfer
366,Refund
367,Transfer
368,Refund
369,Transfer
370,Refund
371,Transfer
372,Refund
373,Transfer
374,Refund
375,Transfer
376,Refund
377,Transfer
378,Refund
379,Transfer
380,Refund
381,Transfer
382,Refund
383,Transfer
384,Refund
385,Transfer
386,Refund
387,Transfer
388,Refund
389,Transfer
390,Refund
391,Transfer
392,Refund
393,Transfer
394,Refund
395,Transfer
396,Refund
397,Transfer
398,Refund
399,Transfer
400,Refund
401,Transfer
402,Refund
403,Transfer
404,Refund
405,Transfer
406,Refund
407,Transfer
408,Refund
409,Transfer
410,Refund
411,Transfer
412,Refund
413,Transfer
414,Refund
415,Transfer
416,Refund
417,Transfer
418,Refund
419,Transfer
420,Refund
421,Transfer
422,Refund
423,Transfer
424,Refund
425,Transfer
426,Refund
427,Transfer
428,Refund
429,Transfer
430,Refund
431,Transfer
432,Refund
433,Transfer
434,Refund
435,Transfer
436,Refund
437,Transfer
438,Refund
439,Transfer
440,Refund
441,Transfer
442,Refund
443,Transfer
444,Refund
445,Transfer
446,Refund
447,Transfer
448,Refund
449,Transfer
450,Refund
451,Transfer
452,Refund
453,Transfer
454,Refund
455,Transfer
456,Refund
457,Transfer
458,Refund
459,Transfer
460,Refund
461,Transfer
462,Refund
463,Transfer
464,Refund
465,Transfer
466,Refund
467,Transfer
468,Refund
469,Transfer
470,Refund
471,Transfer
472,Refund
473,Transfer
474,Refund
475,Transfer
476,Refund
477,Transfer
478,Refund
479,Transfer
480,Refund
481,Transfer
482,Refund
483,Transfer
484,Refund
485,Transfer
486,Refund
487,Transfer
488,Refund
489,Transfer
490,Refund
491,Transfer
492,Refund
493,Transfer
494,Refund
495,Transfer
496,Refund
497,Transfer
498,Refund
499,Transfer
500,Refund
501,Transfer
502,Refund
503,Transfer
504,Refund
505,Transfer
506,Refund
507,Transfer
508,Refund
509,Transfer
510,Refund
511,Transfer
512,Refund
513,Transfer
514,Refund
515,Transfer
516,Refund
517,Transfer
518,Refund
519,Transfer
520,Refund
521,Transfer
522,Refund
523,Transfer
524,Refund
525,Transfer
526,Refund
527,Transfer
528,Refund
529,Transfer
530,Refund
531,Transfer
532,Refund
533,Transfer
534,Refund
535,Transfer
536,Refund
537,Transfer
538,Refund
539,Transfer
540,Refund
541,Transfer
542,Refund
543,Transfer
544,Refund
545,Transfer
546,Refund
547,Transfer
548,Refund
549,Transfer
550,Refund
551,Transfer
552,Refund
553,Transfer
554,Refund
555,Transfer
556,Refund
557,Transfer
558,Refund
559,Transfer
560,Refund
561,Transfer
562,Refund
563,Transfer
564,Refund
565,Transfer
566,Refund
567,Transfer
568,Refund
569,Transfer
570,Refund
571,Transfer
572,Refund
573,Transfer
574,Refund
575,Transfer
576,Refund
577,Transfer
578,Refund
579,Transfer
580,Refund
581,Transfer
582,Refund
583,Transfer
584,Refund
585,Transfer
586,Refund
587,Transfer
588,Refund
589,Transfer
590,Refund
591,Transfer
592,Refund
593,Transfer
594,Refund
595,Transfer
596,Refund
597,Transfer
598,Refund
599,Transfer
600,Refund
601,Transfer
602,Refund
603,Transfer
604,Refund
605,Transfer
606,Refund
607,Transfer
608,Refund
609,Transfer
610,Refund
611,Transfer
612,Refund
613,Transfer
614,Refund
615,Transfer
616,Refund
617,Transfer
618,Refund
619,Transfer
620,Refund
621,Transfer
622,Refund
623,Transfer
624,Refund
625,Transfer
626,Refund
627,Transfer
628,Refund
629,Transfer
630,Refund
631,Transfer
632,Refund
633,Transfer
634,Refund
635,Transfer
636,Refund
637,Transfer
638,Refund
639,Transfer
640,Refund
641,Transfer
642,Refund
643,Transfer
644,Refund
645,Transfer
646,Refund
647,Transfer
648,Refund
649,Transfer
650,Refund
651,Transfer
652,Refund
653,Transfer
654,Refund
655,Transfer
656,Refund
657,Transfer
658,Refund
659,Transfer
660,Refund
661,Transfer
662,Refund
663,Transfer
664,Refund
665,Transfer
666,Refund
667,Transfer
668,Refund
669,Transfer
670,Refund
671,Transfer
672,Refund
673,Transfer
674,Refund
675,Transfer
676,Refund
677,Transfer
678,Refund
679,Transfer
680,Refund
681,Transfer
682,Refund
683,Transfer
684,Refund
685,Transfer
686,Refund
687,Transfer
688,Refund
689,Transfer
690,Refund
691,Transfer
692,Refund
693,Transfer
694,Refund
695,Transfer
696,Refund
697,Transfer
698,Refund
699,Transfer
700,Refund
701,Transfer
702,Refund
703,Transfer
704,Refund
705,Transfer
706,Refund
707,Transfer
708,Refund
709,Transfer
710,Refund
711,Transfer
712,Refund
713,Transfer
714,Refund
715,Transfer
716,Refund
717,Transfer
718,Refund
719,Transfer
720,Refund
721,Transfer
722,Refund
723,Transfer
724,Refund
725,Transfer
726,Refund
727,Transfer
728,Refund
729,Transfer
730,Refund
731,Transfer
732,Refund
733,Transfer
734,Refund
735,Transfer
736,Refund
737,Transfer
738,Refund
739,Transfer
740,Refund
741,Transfer
742,Refund
743,Transfer
744,Refund
745,Transfer
746,Refund
747,Transfer
748,Refund
749,Transfer
750,Refund
751,Transfer
752,Refund
753,Transfer
754,Refund
755,Transfer
756,Refund
757,Transfer
758,Refund
759,Transfer
760,Refund
761,Transfer
762,Refund
763,Transfer
764,Refund
765,Transfer
766,Refund
767,Transfer
768,Refund
769,Transfer
770,Refund
771,Transfer
772,Refund
773,Transfer
774,Refund
775,Transfer
776,Refund
777,Transfer
778,Refund
779,Transfer
780,Refund
781,Transfer
782,Refund
783,Transfer
784,Refund
785,Transfer
786,Refund
787,Transfer
788,Refund
789,Transfer
790,Refund
791,Transfer
792,Refund
793,Transfer
794,Refund
795,Transfer
796,Refund
797,Transfer
798,Refund
799,Transfer
800,Refund
801,Transfer
802,Refund
803,Transfer
804,Refund
805,Transfer
806,Refund
807,Transfer
808,Refund
809,Transfer
810,Refund
811,Transfer
812,Refund
813,Transfer
814,Refund
815,Transfer
816,Refund
817,Transfer
818,Refund
819,Transfer
820,Refund
821,Transfer
822,Refund
823,Transfer
824,Refund
825,Transfer
826,Refund
827,Transfer
828,Refund
829,Transfer
830,Refund
831,Transfer
832,Refund
833,Transfer
834,Refund
835,Transfer
836,Refund
837,Transfer
838,Refund
839,Transfer
840,Refund
841,Transfer
842,Refund
843,Transfer
844,Refund
845,Transfer
846,Refund
847,Transfer
848,Refund
849,Transfer
850,Refund
851,Transfer
852,Refund
853,Transfer
854,Refund
855,Transfer
856,Refund
857,Transfer
858,Refund
859,Transfer
860,Refund
861,Transfer
862,Refund
863,Transfer
864,Refund
865,Transfer
866,Refund
867,Transfer
868,Refund
869,Transfer
870,Refund
871,Transfer
872,Refund
873,Transfer
874,Refund
875,Transfer
876,Refund
877,Transfer
878,Refund
879,Transfer
880,Refund
881,Transfer
882,Refund
883,Transfer
884,Refund
885,Transfer
886,Refund
887,Transfer
888,Refund
889,Transfer
890,Refund
891,Transfer
892,Refund
893,Transfer
894,Refund
895,Transfer
896,Refund
897,Transfer
898,Refund
899,Transfer
900,Refund
901,Transfer
902,Refund
903,Transfer
904,Refund
905,Transfer
906,Refund
907,Transfer
908,Refund
909,Transfer
910,Refund
911,Transfer
912,Refund
913,Transfer
914,Refund
915,Transfer
916,Refund
917,Transfer
918,Refund
919,Transfer
920,Refund
921,Transfer
922,Refund
923,Transfer
924,Refund
925,Transfer
926,Refund
927,Transfer
928,Refund
929,Transfer
930,Refund
931,Transfer
932,Refund
933,Transfer
934,Refund
935,Transfer
936,Refund
937,Transfer
938,Refund
939,Transfer
940,Refund
941,Transfer
942,Refund
943,Transfer
944,Refund
945,Transfer
946,Refund
947,Transfer
948,Refund
949,Transfer
950,Refund
951,Transfer
952,Refund
953,Transfer
954,Refund
955,Transfer
956,Refund
957,Transfer
958,Refund
959,Transfer
960,Refund
961,Transfer
962,Refund
963,Transfer
964,Refund
965,Transfer
966,Refund
967,Transfer
968,Refund
969,Transfer
970,Refund
971,Transfer
972,Refund
973,Transfer
974,Refund
975,Transfer
976,Refund
977,Transfer
978,Refund
979,Transfer
980,Refund
981,Transfer
982,Refund
983,Transfer
984,Refund
985,Transfer
986,Refund
987,Transfer
988,Refund
989,Transfer
990,Refund
991,Transfer
992,Refund
993,Transfer
994,Refund
995,Transfer
996,Refund
997,Transfer
998,Refund
999,Transfer
1000,Refund
1001,Transfer
1002,Refund
1003,Transfer
1004,Refund
1005,Transfer
1006,Refund
1007,Transfer
1008,Refund
1009,Transfer
1010,Refund
1011,Transfer
1012,Refund
1013,Transfer
1014,Refund
1015,Transfer
1016,Refund
1017,Transfer
1018,Refund
1019,Transfer
1020,Refund
1021,Transfer
1022,Refund
1023,Transfer
1024,Refund
1025,Transfer
1026,Refund
1027,Transfer
1028,Refund
1029,Transfer
1030,Refund
1031,Transfer
1032,Refund
1033,Transfer
1034,Refund
1035,Transfer
1036,Refund
1037,Transfer
1038,Refund
1039,Transfer
1040,Refund
1041,Transfer
1042,Refund
1043,Transfer
1044,Refund
1045,Transfer
1046,Refund
1047,Transfer
1048,Refund
1049,Transfer
1050,Refund
1051,Transfer
1052,Refund
1053,Transfer
1054,Refund
1055,Transfer
1056,Refund
1057,Transfer
1058,Refund
1059,Transfer
1060,Refund
1061,Transfer
1062,Refund
1063,Transfer
1064,Refund
1065,Transfer
1066,Refund
1067,Transfer
1068,Refund
1069,Transfer
1070,Refund
1071,Transfer
1072,Refund
1073,Transfer
1074,Refund
1075,Transfer
1076,Refund
1077,Transfer
1078,Refund
1079,Transfer
1080,Refund
1081,Transfer
1082,Refund
1083,Transfer
1084,Refund
1085,Transfer
1086,Refund
1087,Transfer
1088,Refund
1089,Transfer
1090,Refund
1091,Transfer
1092,Refund
1093,Transfer
1094,Refund
1095,Transfer
1096,Refund
1097,Transfer
1098,Refund
1099,Transfer
1100,Refund
1101,Transfer
1102,Refund
1103,Transfer
1104,Refund
1105,Transfer
1106,Refund
1107,Transfer
1108,Refund
1109,Transfer
1110,Refund
1111,Transfer
1112,Refund
1113,Transfer
1114,Refund
1115,Transfer
1116,Refund
1117,Transfer
1118,Refund
1119,Transfer
1120,Refund
1121,Transfer
1122,Refund
1123,Transfer
1124,Refund
1125,Transfer
1126,Refund
1127,Transfer
1128,Refund
1129,Transfer
1130,Refund
1131,Transfer
1132,Refund
1133,Transfer
1134,Refund
1135,Transfer
1136,Refund
1137,Transfer
1138,Refund
1139,Transfer
1140,Refund
1141,Transfer
1142,Refund
1143,Transfer
1144,Refund
1145,Transfer
1146,Refund
1147,Transfer
1148,Refund
1149,Transfer
1150,Refund
1151,Transfer
1152,Refund
1153,Transfer
1154,Refund
1155,Transfer
1156,Refund
1157,Transfer
1158,Refund
1159,Transfer
1160,Refund
1161,Transfer
1162,Refund
1163,Transfer
1164,Refund
1165,Transfer
1166,Refund
1167,Transfer
1168,Refund
1169,Transfer
1170,Refund
1171,Transfer
1172,Refund
1173,Transfer
1174,Refund
1175,Transfer
1176,Refund
1177,Transfer
1178,Refund
1179,Transfer
1180,Refund
1181,Transfer
1182,Refund
1183,Transfer
1184,Refund
1185,Transfer
1186,Refund
1187,Transfer
1188,Refund
1189,Transfer
1190,Refund
1191,Transfer
1192,Refund
1193,Transfer
1194,Refund
1195,Transfer
1196,Refund
1197,Transfer
1198,Refund
1199,Transfer
1200,Refund
1201,Transfer
1202,Refund
1203,Transfer
1204,Refund
1205,Transfer
1206,Refund
1207,Transfer
1208,Refund
1209,Transfer
1210,Refund
1211,Transfer
1212,Refund
1213,Transfer
1214,Refund
1215,Transfer
1216,Refund
1217,Transfer
1218,Refund
1219,Transfer
1220,Refund
1221,Transfer
1222,Refund
1223,Transfer
1224,Refund
1225,Transfer
1226,Refund
1227,Transfer
1228,Refund
1229,Transfer
1230,Refund
1231,Transfer
1232,Refund
1233,Transfer
1234,Refund
1235,Transfer
1236,Refund
1237,Transfer
1238,Refund
1239,Transfer
1240,Refund
1241,Transfer
1242,Refund
1243,Transfer
1244,Refund
1245,Transfer
1246,Refund
1247,Transfer
1248,Refund
1249,Transfer
1250,Refund
1251,Transfer
1252,Refund
1253,Transfer
1254,Refund
1255,Transfer
1256,Refund
1257,Transfer
1258,Refund
1259,Transfer
1260,Refund
1261,Transfer
1262,Refund
1263,Transfer
1264,Refund
1265,Transfer
1266,Refund
1267,Transfer
1268,Refund
1269,Transfer
1270,Refund
1271,Transfer
1272,Refund
1273,Transfer
1274,Refund
1275,Transfer
1276,Refund
1277,Transfer
1278,Refund
1279,Transfer
1280,Refund
1281,Transfer
1282,Refund
1283,Transfer
1284,Refund
1285,Transfer
1286,Refund
1287,Transfer
1288,Refund
1289,Transfer
1290,Refund
1291,Transfer
1292,Refund
1293,Transfer
1294,Refund
1295,Transfer
1296,Refund
1297,Transfer
1298,Refund
1299,Transfer
1300,Refund
1301,Transfer
1302,Refund
1303,Transfer
1304,Refund
1305,Transfer
1306,Refund
1307,Transfer
1308,Refund
1309,Transfer
1310,Refund
1311,Transfer
1312,Refund
1313,Transfer
1314,Refund
1315,Transfer
1316,Refund
1317,Transfer
1318,Refund
1319,Transfer
1320,Refund
1321,Transfer
1322,Refund
1323,Transfer
1324,Refund
1325,Transfer
1326,Refund
1327,Transfer
1328,Refund
1329,Transfer
1330,Refund
1331,Transfer
1332,Refund
1333,Transfer
1334,Refund
1335,Transfer
1336,Refund
1337,Transfer
1338,Refund
1339,Transfer
1340,Refund
1341,Transfer
1342,Refund
1343,Transfer
1344,Refund
1345,Transfer
1346,Refund
1347,Transfer
1348,Refund
1349,Transfer
1350,Refund
1351,Transfer
1352,Refund
1353,Transfer
1354,Refund
1355,Transfer
1356,Refund
1357,Transfer
1358,Refund
1359,Transfer
1360,Refund
1361,Transfer
1362,Refund
1363,Transfer
1364,Refund
1365,Transfer
1366,Refund
1367,Transfer
1368,Refund
1369,Transfer
1370,Refund
1371,Transfer
1372,Refund
1373,Transfer
1374,Refund
1375,Transfer
1376,Refund
1377,Transfer
1378,Refund
1379,Transfer
1380,Refund
1381,Transfer
1382,Refund
1383,Transfer
1384,Refund
1385,Transfer
1386,Refund
1387,Transfer
1388,Refund
1389,Transfer
1390,Refund
1391,Transfer
1392,Refund
1393,Transfer
1394,Refund
1395,Transfer
1396,Refund
1397,Transfer
1398,Refund
1399,Transfer
1400,Refund
1401,Transfer
1402,Refund
1403,Transfer
1404,Refund
1405,Transfer
1406,Refund
1407,Transfer
1408,Refund
1409,Transfer
1410,Refund
1411,Transfer
1412,Refund
1413,Transfer
1414,Refund
1415,Transfer
1416,Refund
1417,Transfer
1418,Refund
1419,Transfer
1420,Refund
1421,Transfer
1422,Refund
1423,Transfer
1424,Refund
1425,Transfer
1426,Refund
1427,Transfer
1428,Refund
1429,Transfer
1430,Refund
1431,Transfer
1432,Refund
1433,Transfer
1434,Refund
1435,Transfer
1436,Refund
1437,Transfer
1438,Refund
1439,Transfer
1440,Refund
1441,Transfer
1442,Refund
1443,Transfer
1444,Refund
1445,Transfer
1446,Refund
1447,Transfer
1448,Refund
1449,Transfer
1450,Refund
1451,Transfer
1452,Refund
1453,Transfer
1454,Refund
1455,Transfer
1456,Refund
1457,Transfer
1458,Refund
1459,Transfer
1460,Refund
1461,Transfer
1462,Refund
1463,Transfer
1464,Refund
1465,Transfer
1466,Refund
1467,Transfer
1468,Refund
1469,Transfer
1470,Refund
1471,Transfer
1472,Refund
1473,Transfer
1474,Refund
1475,Transfer
1476,Refund
1477,Transfer
1478,Refund
1479,Transfer
1480,Refund
1481,Transfer
1482,Refund
1483,Transfer
1484,Refund
1485,Transfer
1486,Refund
1487,Transfer
1488,Refund
1489,Transfer
1490,Refund
1491,Transfer
1492,Refund
1493,Transfer
1494,Refund
1495,Transfer
1496,Refund
1497,Transfer
1498,Refund
1499,Transfer
1500,Refund
1501,Transfer
1502,Refund
1503,Transfer
1504,Refund
1505,Transfer
1506,Refund
1507,Transfer
1508,Refund
1509,Transfer
1510,Refund
1511,Transfer
1512,Refund
1513,Transfer
1514,Refund
1515,Transfer
1516,Refund
1517,Transfer
1518,Refund
1519,Transfer
1520,Refund
1521,Transfer
1522,Refund
1523,Transfer
1524,Refund
1525,Transfer
1526,Refund
1527,Transfer
1528,Refund
1529,Transfer
1530,Refund
1531,Transfer
1532,Refund
1533,Transfer
1534,Refund
1535,Transfer
1536,Refund
1537,Transfer
1538,Refund
1539,Transfer
1540,Refund
1541,Transfer
1542,Refund
1543,Transfer
1544,Refund
1545,Transfer
1546,Refund
1547,Transfer
1548,Refund
1549,Transfer
1550,Refund
1551,Transfer
1552,Refund
1553,Transfer
1554,Refund
1555,Transfer
1556,Refund
1557,Transfer
1558,Refund
1559,Transfer
1560,Refund
1561,Transfer
1562,Refund
1563,Transfer
1564,Refund
1565,Transfer
1566,Refund
1567,Transfer
1568,Refund
1569,Transfer
1570,Refund
1571,Transfer
1572,Refund
1573,Transfer
1574,Refund
1575,Transfer
1576,Refund
1577,Transfer
1578,Refund
1579,Transfer
1580,Refund
1581,Transfer
1582,Refund
1583,Transfer
1584,Refund
1585,Transfer
1586,Refund
1587,Transfer
1588,Refund
1589,Transfer
1590,Refund
1591,Transfer
1592,Refund
1593,Transfer
1594,Refund
1595,Transfer
1596,Refund
1597,Transfer
1598,Refund
1599,Transfer
1600,Refund
1601,Transfer
1602,Refund
1603,Transfer
1604,Refund
1605,Transfer
1606,Refund
1607,Transfer
1608,Refund
1609,Transfer
1610,Refund
1611,Transfer
1612,Refund
1613,Transfer
1614,Refund
1615,Transfer
1616,Refund
1617,Transfer
1618,Refund
1619,Transfer
1620,Refund
1621,Transfer
1622,Refund
1623,Transfer
1624,Refund
1625,Transfer
1626,Refund
1627,Transfer
1628,Refund
1629,Transfer
1630,Refund
1631,Transfer
1632,Refund
1633,Transfer
1634,Refund
1635,Transfer
1636,Refund
1637,Transfer
1638,Refund
1639,Transfer
1640,Refund
1641,Transfer
1642,Refund
1643,Transfer
1644,Refund
1645,Transfer
1646,Refund
1647,Transfer
1648,Refund
1649,Transfer
1650,Refund
1651,Transfer
1652,Refund
1653,Transfer
1654,Refund
1655,Transfer
1656,Refund
1657,Transfer
1658,Refund
1659,Transfer
1660,Refund
1661,Transfer
1662,Refund
1663,Transfer
1664,Refund
1665,Transfer
1666,Refund
1667,Transfer
1668,Refund
1669,Transfer
1670,Refund
1671,Transfer
1672,Refund
1673,Transfer
1674,Refund
1675,Transfer
1676,Refund
1677,Transfer
1678,Refund
1679,Transfer
1680,Refund
1681,Transfer
1682,Refund
1683,Transfer
1684,Refund
1685,Transfer
1686,Refund
1687,Transfer
1688,Refund
1689,Transfer
1690,Refund
1691,Transfer
1692,Refund
1693,Transfer
1694,Refund
1695,Transfer
1696,Refund
1697,Transfer
1698,Refund
1699,Transfer
1700,Refund
1701,Transfer
1702,Refund
1703,Transfer
1704,Refund
1705,Transfer
1706,Refund
1707,Transfer
1708,Refund
1709,Transfer
1710,Refund
1711,Transfer
1712,Refund
1713,Transfer
1714,Refund
1715,Transfer
1716,Refund
1717,Transfer
1718,Refund
1719,Transfer
1720,Refund
1721,Transfer
1722,Refund
1723,Transfer
1724,Refund
1725,Transfer
1726,Refund
1727,Transfer
1728,Refund
1729,Transfer
1730,Refund
1731,Transfer
1732,Refund
1733,Transfer
1734,Refund
1735,Transfer
1736,Refund
1737,Transfer
1738,Refund
1739,Transfer
1740,Refund
1741,Transfer
1742,Refund
1743,Transfer
1744,Refund
1745,Transfer
1746,Refund
1747,Transfer
1748,Refund
1749,Transfer
1750,Refund
1751,Transfer
1752,Refund
1753,Transfer
1754,Refund
1755,Transfer
1756,Refund
1757,Transfer
1758,Refund
1759,Transfer
1760,Refund
1761,Transfer
1762,Refund
1763,Transfer
1764,Refund
1765,Transfer
1766,Refund
1767,Transfer
1768,Refund
1769,Transfer
1770,Refund
1771,Transfer
1772,Refund
1773,Transfer
1774,Refund
1775,Transfer
1776,Refund
1777,Transfer
1778,Refund
1779,Transfer
1780,Refund
1781,Transfer
1782,Refund
1783,Transfer
1784,Refund
1785,Transfer
1786,Refund
1787,Transfer
1788,Refund
1789,Transfer
1790,Refund
1791,Transfer
1792,Refund
1793,Transfer
1794,Refund
1795,Transfer
1796,Refund
1797,Transfer
1798,Refund
1799,Transfer
1800,Refund
1801,Transfer
1802,Refund
1803,Transfer
1804,Refund
1805,Transfer
1806,Refund
1807,Transfer
1808,Refund
1809,Transfer
1810,Refund
1811,Transfer
1812,Refund
1813,Transfer
1814,Refund
1815,Transfer
1816,Refund
1817,Transfer
1818,Refund
1819,Transfer
1820,Refund
1821,Transfer
1822,Refund
1823,Transfer
1824,Refund
1825,Transfer
1826,Refund
1827,Transfer
1828,Refund
1829,Transfer
1830,Refund
1831,Transfer
1832,Refund
1833,Transfer
1834,Refund
1835,Transfer
1836,Refund
1837,Transfer
1838,Refund
1839,Transfer
1840,Refund
1841,Transfer
1842,Refund
1843,Transfer
1844,Refund
1845,Transfer
1846,Refund
1847,Transfer
1848,Refund
1849,Transfer
1850,Refund
1851,Transfer
1852,Refund
1853,Transfer
1854,Refund
1855,Transfer
1856,Refund
1857,Transfer
1858,Refund
1859,Transfer
1860,Refund
1861,Transfer
1862,Refund
1863,Transfer
1864,Refund
1865,Transfer
1866,Refund
1867,Transfer
1868,Refund
1869,Transfer
1870,Refund
1871,Transfer
1872,Refund
1873,Transfer
1874,Refund
1875,Transfer
1876,Refund
1877,Transfer
1878,Refund
1879,Transfer
1880,Refund
1881,Transfer
1882,Refund
1883,Transfer
1884,Refund
1885,Transfer
1886,Refund
1887,Transfer
1888,Refund
1889,Transfer
1890,Refund
1891,Transfer
1892,Refund
1893,Transfer
1894,Refund
1895,Transfer
1896,Refund
1897,Transfer
1898,Refund
1899,Transfer
1900,Refund
1901,Transfer
1902,Refund
1903,Transfer
1904,Refund
1905,Transfer
1906,Refund
1907,Transfer
1908,Refund
1909,Transfer
1910,Refund
1911,Transfer
1912,Refund
1913,Transfer
1914,Refund
1915,Transfer
1916,Refund
1917,Transfer
1918,Refund
1919,Transfer
1920,Refund
1921,Transfer
1922,Refund
1923,Transfer
1924,Refund
1925,Transfer
1926,Refund
1927,Transfer
1928,Refund
1929,Transfer
1930,Refund
1931,Transfer
1932,Refund
1933,Transfer
1934,Refund
1935,Transfer
1936,Refund
1937,Transfer
1938,Refund
1939,Transfer
1940,Refund
1941,Transfer
1942,Refund
1943,Transfer
1944,Refund
1945,Transfer
1946,Refund
1947,Transfer
1948,Refund
1949,Transfer
1950,Refund
1951,Transfer
1952,Refund
1953,Transfer
1954,Refund
1955,Transfer
1956,Refund
1957,Transfer
1958,Refund
1959,Transfer
1960,Refund
1961,Transfer
1962,Refund
1963,Transfer
1964,Refund
1965,Transfer
1966,Refund
1967,Transfer
1968,Refund
1969,Transfer
1970,Refund
1971,Transfer
1972,Refund
1973,Transfer
1974,Refund
1975,Transfer
1976,Refund
1977,Transfer
1978,Refund
1979,Transfer
1980,Refund
1981,Transfer
1982,Refund
1983,Transfer
1984,Refund
1985,Transfer
1986,Refund
1987,Transfer
1988,Refund
1989,Transfer
1990,Refund
1991,Transfer
1992,Refund
1993,Transfer
1994,Refund
1995,Transfer
1996,Refund
1997,Transfer
1998,Refund
1999,Transfer
2000,Refund
2001,Transfer
2002,Refund
2003,Transfer
2004,Refund
2005,Transfer
2006,Refund
2007,Transfer
2008,Refund
2009,Transfer
2010,Refund
2011,Transfer
2012,Refund
2013,Transfer
2014,Refund
2015,Transfer
2016,Refund
2017,Transfer
2018,Refund
2019,Transfer
2020,Refund
2021,Transfer
2022,Refund
2023,Transfer
2024,Refund
2025,Transfer
2026,Refund
2027,Transfer
2028,Refund
2029,Transfer
2030,Refund
2031,Transfer
2032,Refund
2033,Transfer
2034,Refund
2035,Transfer
2036,Refund
2037,Transfer
2038,Refund
2039,Transfer
2040,Refund
2041,Transfer
2042,Refund
2043,Transfer
2044,Refund
2045,Transfer
2046,Refund
2047,Transfer
2048,Refund
2049,Transfer
2050,Refund
2051,Transfer
2052,Refund
2053,Transfer
2054,Refund
2055,Transfer
2056,Refund
2057,Transfer
2058,Refund
2059,Transfer
2060,Refund
2061,Transfer
2062,Refund
2063,Transfer
2064,Refund
2065,Transfer
2066,Refund
2067,Transfer
2068,Refund
2069,Transfer
2070,Refund
2071,Transfer
2072,Refund
2073,Transfer
2074,Refund
2075,Transfer
2076,Refund
2077,Transfer
2078,Refund
2079,Transfer
2080,Refund
2081,Transfer
2082,Refund
2083,Transfer
2084,Refund
2085,Transfer
2086,Refund
2087,Transfer
2088,Refund
2089,Transfer
2090,Refund
2091,Transfer
2092,Refund
2093,Transfer
2094,Refund
2095,Transfer
2096,Refund
2097,Transfer
2098,Refund
2099,Transfer
2100,Refund
2101,Transfer
2102,Refund
2103,Transfer
2104,Refund
2105,Transfer
2106,Refund
2107,Transfer
2108,Refund
2109,Transfer
2110,Refund
2111,Transfer
2112,Refund
2113,Transfer
2114,Refund
2115,Transfer
2116,Refund
2117,Transfer
2118,Refund
2119,Transfer
2120,Refund
2121,Transfer
2122,Refund
2123,Transfer
2124,Refund
2125,Transfer
2126,Refund
2127,Transfer
2128,Refund
2129,Transfer
2130,Refund
2131,Transfer
2132,Refund
2133,Transfer
2134,Refund
2135,Transfer
2136,Refund
2137,Transfer
2138,Refund
2139,Transfer
2140,Refund
2141,Transfer
2142,Refund
2143,Transfer
2144,Refund
2145,Transfer
2146,Refund
2147,Transfer
2148,Refund
2149,Transfer
2150,Refund
2151,Transfer
2152,Refund
2153,Transfer
2154,Refund
2155,Transfer
2156,Refund
2157,Transfer
2158,Refund
2159,Transfer
2160,Refund
2161,Transfer
2162,Refund
2163,Transfer
2164,Refund
2165,Transfer
2166,Refund
2167,Transfer
2168,Refund
2169,Transfer
2170,Refund
2171,Transfer
2172,Refund
2173,Transfer
2174,Refund
2175,Transfer
2176,Refund
2177,Transfer
2178,Refund
2179,Transfer
2180,Refund
2181,Transfer
2182,Refund
2183,Transfer
2184,Refund
2185,Transfer
2186,Refund
2187,Transfer
2188,Refund
2189,Transfer
2190,Refund
2191,Transfer
2192,Refund
2193,Transfer
2194,Refund
2195,Transfer
2196,Refund
2197,Transfer
2198,Refund
2199,Transfer
2200,Refund
2201,Transfer
2202,Refund
2203,Transfer
2204,Refund
2205,Transfer
2206,Refund
2207,Transfer
2208,Refund
2209,Transfer
2210,Refund
2211,Transfer
2212,Refund
2213,Transfer
2214,Refund
2215,Transfer
2216,Refund
2217,Transfer
2218,Refund
2219,Transfer
2220,Refund
2221,Transfer
2222,Refund
2223,Transfer
2224,Refund
2225,Transfer
2226,Refund
2227,Transfer
2228,Refund
2229,Transfer
2230,Refund
2231,Transfer
2232,Refund
2233,Transfer
2234,Refund
2235,Transfer
2236,Refund
2237,Transfer
2238,Refund
2239,Transfer
2240,Refund
2241,Transfer
2242,Refund
2243,Transfer
2244,Refund
2245,Transfer
2246,Refund
2247,Transfer
2248,Refund
2249,Transfer
2250,Refund
2251,Transfer
2252,Refund
2253,Transfer
2254,Refund
2255,Transfer
2256,Refund
2257,Transfer
2258,Refund
2259,Transfer
2260,Refund
2261,Transfer
2262,Refund
2263,Transfer
2264,Refund
2265,Transfer
2266,Refund
2267,Transfer
2268,Refund
2269,Transfer
2270,Refund
2271,Transfer
2272,Refund
2273,Transfer
2274,Refund
2275,Transfer
2276,Refund
2277,Transfer
2278,Refund
2279,Transfer
2280,Refund
2281,Transfer
2282,Refund
2283,Transfer
2284,Refund
2285,Transfer
2286,Refund
2287,Transfer
2288,Refund
2289,Transfer
2290,Refund
2291,Transfer
2292,Refund
2293,Transfer
2294,Refund
2295,Transfer
2296,Refund
2297,Transfer
2298,Refund
2299,Transfer
2300,Refund
2301,Transfer
2302,Refund
2303,Transfer
2304,Refund
2305,Transfer
2306,Refund
2307,Transfer
2308,Refund
2309,Transfer
2310,Refund
2311,Transfer
2312,Refund
2313,Transfer
2314,Refund
2315,Transfer
2316,Refund
2317,Transfer
2318,Refund
2319,Transfer
2320,Refund
2321,Transfer
2322,Refund
2323,Transfer
2324,Refund
2325,Transfer
2326,Refund
2327,Transfer
2328,Refund
2329,Transfer
2330,Refund
2331,Transfer
2332,Refund
2333,Transfer
2334,Refund
2335,Transfer
2336,Refund
2337,Transfer
2338,Refund
2339,Transfer
2340,Refund
2341,Transfer
2342,Refund
2343,Transfer
2344,Refund
2345,Transfer
2346,Refund
2347,Transfer
2348,Refund
2349,Transfer
2350,Refund
2351,Transfer
2352,Refund
2353,Transfer
2354,Refund
2355,Transfer
2356,Refund
2357,Transfer
2358,Refund
2359,Transfer
2360,Refund
2361,Transfer
2362,Refund
2363,Transfer
2364,Refund
2365,Transfer
2366,Refund
2367,Transfer
2368,Refund
2369,Transfer
2370,Refund
2371,Transfer
2372,Refund
2373,Transfer
2374,Refund
2375,Transfer
2376,Refund
2377,Transfer
2378,Refund
2379,Transfer
2380,Refund
2381,Transfer
2382,Refund
2383,Transfer
2384,Refund
2385,Transfer
2386,Refund
2387,Transfer
2388,Refund
2389,Transfer
2390,Refund
2391,Transfer
2392,Refund
2393,Transfer
2394,Refund
2395,Transfer
2396,Refund
2397,Transfer
2398,Refund
2399,Transfer
2400,Refund
2401,Transfer
2402,Refund
2403,Transfer
2404,Refund
2405,Transfer
2406,Refund
2407,Transfer
2408,Refund
2409,Transfer
2410,Refund
2411,Transfer
2412,Refund
2413,Transfer
2414,Refund
2415,Transfer
2416,Refund
2417,Transfer
2418,Refund
2419,Transfer
2420,Refund
2421,Transfer
2422,Refund
2423,Transfer
2424,Refund
2425,Transfer
2426,Refund
2427,Transfer
2428,Refund
2429,Transfer
2430,Refund
2431,Transfer
2432,Refund
2433,Transfer
2434,Refund
2435,Transfer
2436,Refund
2437,Transfer
2438,Refund
2439,Transfer
2440,Refund
2441,Transfer
2442,Refund
2443,Transfer
2444,Refund
2445,Transfer
2446,Refund
2447,Transfer
2448,Refund
2449,Transfer
2450,Refund
2451,Transfer
2452,Refund
2453,Transfer
2454,Refund
2455,Transfer
2456,Refund
2457,Transfer
2458,Refund
2459,Transfer
2460,Refund
2461,Transfer
2462,Refund
2463,Transfer
2464,Refund
2465,Transfer
2466,Refund
2467,Transfer
2468,Refund
2469,Transfer
2470,Refund
2471,Transfer
2472,Refund
2473,Transfer
2474,Refund
2475,Transfer
2476,Refund
2477,Transfer
2478,Refund
2479,Transfer
2480,Refund
2481,Transfer
2482,Refund
2483,Transfer
2484,Refund
2485,Transfer
2486,Refund
2487,Transfer
2488,Refund
2489,Transfer
2490,Refund
2491,Transfer
2492,Refund
2493,Transfer
2494,Refund
2495,Transfer
2496,Refund
2497,Transfer
2498,Refund
2499,Transfer
2500,Refund
2501,Transfer
2502,Refund
2503,Transfer
2504,Refund
2505,Transfer
2506,Refund
2507,Transfer
2508,Refund
2509,Transfer
2510,Refund
2511,Transfer
2512,Refund
2513,Transfer
2514,Refund
2515,Transfer
2516,Refund
2517,Transfer
2518,Refund
2519,Transfer
2520,Refund
2521,Transfer
2522,Refund
2523,Transfer
2524,Refund
2525,Transfer
2526,Refund
2527,Transfer
2528,Refund
2529,Transfer
2530,Refund
2531,Transfer
2532,Refund
2533,Transfer
2534,Refund
2535,Transfer
2536,Refund
2537,Transfer
2538,Refund
2539,Transfer
2540,Refund
2541,Transfer
2542,Refund
2543,Transfer
2544,Refund
2545,Transfer
2546,Refund
2547,Transfer
2548,Refund
2549,Transfer
2550,Refund
2551,Transfer
2552,Refund
2553,Transfer
2554,Refund
2555,Transfer
2556,Refund
2557,Transfer
2558,Refund
2559,Transfer
2560,Refund
2561,Transfer
2562,Refund
2563,Transfer
2564,Refund
2565,Transfer
2566,Refund
2567,Transfer
2568,Refund
2569,Transfer
2570,Refund
2571,Transfer
2572,Refund
2573,Transfer
2574,Refund
2575,Transfer
2576,Refund
2577,Transfer
2578,Refund
2579,Transfer
2580,Refund
2581,Transfer
2582,Refund
2583,Transfer
2584,Refund
2585,Transfer
2586,Refund
2587,Transfer
2588,Refund
2589,Transfer
2590,Refund
2591,Transfer
2592,Refund
2593,Transfer
2594,Refund
2595,Transfer
2596,Refund
2597,Transfer
2598,Refund
2599,Transfer
2600,Refund
2601,Transfer
2602,Refund
2603,Transfer
2604,Refund
2605,Transfer
2606,Refund
2607,Transfer
2608,Refund
2609,Transfer
2610,Refund
2611,Transfer
2612,Refund
2613,Transfer
2614,Refund
2615,Transfer
2616,Refund
2617,Transfer
2618,Refund
2619,Transfer
2620,Refund
2621,Transfer
2622,Refund
2623,Transfer
2624,Refund
2625,Transfer
2626,Refund
2627,Transfer
2628,Refund
2629,Transfer
2630,Refund
2631,Transfer
2632,Refund
2633,Transfer
2634,Refund
2635,Transfer
2636,Refund
2637,Transfer
2638,Refund
2639,Transfer
2640,Refund
2641,Transfer
2642,Refund
2643,Transfer
2644,Refund
2645,Transfer
2646,Refund
2647,Transfer
2648,Refund
2649,Transfer
2650,Refund
2651,Transfer
2652,Refund
2653,Transfer
2654,Refund
2655,Transfer
2656,Refund
2657,Transfer
2658,Refund
2659,Transfer
2660,Refund
2661,Transfer
2662,Refund
2663,Transfer
2664,Refund
2665,Transfer
2666,Refund
2667,Transfer
2668,Refund
2669,Transfer
2670,Refund
2671,Transfer
2672,Refund
2673,Transfer
2674,Refund
2675,Transfer
2676,Refund
2677,Transfer
2678,Refund
2679,Transfer
2680,Refund
2681,Transfer
2682,Refund
2683,Transfer
2684,Refund
2685,Transfer
2686,Refund
2687,Transfer
2688,Refund
2689,Transfer
2690,Refund
2691,Transfer
2692,Refund
2693,Transfer
2694,Refund
2695,Transfer
2696,Refund
2697,Transfer
2698,Refund
2699,Transfer
2700,Refund
2701,Transfer
2702,Refund
2703,Transfer
2704,Refund
2705,Transfer
2706,Refund
2707,Transfer
2708,Refund
2709,Transfer
2710,Refund
2711,Transfer
2712,Refund
2713,Transfer
2714,Refund
2715,Transfer
2716,Refund
2717,Transfer
2718,Refund
2719,Transfer
2720,Refund
2721,Transfer
2722,Refund
2723,Transfer
2724,Refund
2725,Transfer
2726,Refund
2727,Transfer
2728,Refund
2729,Transfer
2730,Refund
2731,Transfer
2732,Refund
2733,Transfer
2734,Refund
2735,Transfer
2736,Refund
2737,Transfer
2738,Refund
2739,Transfer
2740,Refund
2741,Transfer
2742,Refund
2743,Transfer
2744,Refund
2745,Transfer
2746,Refund
2747,Transfer
2748,Refund
2749,Transfer
2750,Refund
2751,Transfer
2752,Refund
2753,Transfer
2754,Refund
2755,Transfer
2756,Refund
2757,Transfer
2758,Refund
2759,Transfer
2760,Refund
2761,Transfer
2762,Refund
2763,Transfer
2764,Refund
2765,Transfer
2766,Refund
2767,Transfer
2768,Refund
2769,Transfer
2770,Refund
2771,Transfer
2772,Refund
2773,Transfer
2774,Refund
2775,Transfer
2776,Refund
2777,Transfer
2778,Refund
2779,Transfer
2780,Refund
2781,Transfer
2782,Refund
2783,Transfer
2784,Refund
2785,Transfer
2786,Refund
2787,Transfer
2788,Refund
2789,Transfer
2790,Refund
2791,Transfer
2792,Refund
2793,Transfer
2794,Refund
2795,Transfer
2796,Refund
2797,Transfer
2798,Refund
2799,Transfer
2800,Refund
2801,Transfer
2802,Refund
2803,Transfer
2804,Refund
2805,Transfer
2806,Refund
2807,Transfer
2808,Refund
2809,Transfer
2810,Refund
2811,Transfer
2812,Refund
2813,Transfer
2814,Refund
2815,Transfer
2816,Refund
2817,Transfer
2818,Refund
2819,Transfer
2820,Refund
2821,Transfer
2822,Refund
2823,Transfer
2824,Refund
2825,Transfer
2826,Refund
2827,Transfer
2828,Refund
2829,Transfer
2830,Refund
2831,Transfer
2832,Refund
2833,Transfer
2834,Refund
2835,Transfer
2836,Refund
2837,Transfer
2838,Refund
2839,Transfer
2840,Refund
2841,Transfer
2842,Refund
2843,Transfer
2844,Refund
2845,Transfer
2846,Refund
2847,Transfer
2848,Refund
2849,Transfer
2850,Refund
2851,Transfer
2852,Refund
2853,Transfer
2854,Refund
2855,Transfer
2856,Refund
2857,Transfer
2858,Refund
2859,Transfer
2860,Refund
2861,Transfer
2862,Refund
2863,Transfer
2864,Refund
2865,Transfer
2866,Refund
2867,Transfer
2868,Refund
2869,Transfer
2870,Refund
2871,Transfer
2872,Refund
2873,Transfer
2874,Refund
2875,Transfer
2876,Refund
2877,Transfer
2878,Refund
2879,Transfer
2880,Refund
2881,Transfer
2882,Refund
2883,Transfer
2884,Refund
2885,Transfer
2886,Refund
2887,Transfer
2888,Refund
2889,Transfer
2890,Refund
2891,Transfer
2892,Refund
2893,Transfer
2894,Refund
2895,Transfer
2896,Refund
2897,Transfer
2898,Refund
2899,Transfer
2900,Refund
2901,Transfer
2902,Refund
2903,Transfer
2904,Refund
2905,Transfer
2906,Refund
2907,Transfer
2908,Refund
2909,Transfer
2910,Refund
2911,Transfer
2912,Refund
2913,Transfer
2914,Refund
2915,Transfer
2916,Refund
2917,Transfer
2918,Refund
2919,Transfer
2920,Refund
2921,Transfer
2922,Refund
2923,Transfer
2924,Refund
2925,Transfer
2926,Refund
2927,Transfer
2928,Refund
2929,Transfer
2930,Refund
2931,Transfer
2932,Refund
2933,Transfer
2934,Refund
2935,Transfer
2936,Refund
2937,Transfer
2938,Refund
2939,Transfer
2940,Refund
2941,Transfer
2942,Refund
2943,Transfer
2944,Refund
2945,Transfer
2946,Refund
2947,Transfer
2948,Refund
2949,Transfer
2950,Refund
2951,Transfer
2952,Refund
2953,Transfer
2954,Refund
2955,Transfer
2956,Refund
2957,Transfer
2958,Refund
2959,Transfer
2960,Refund
2961,Transfer
2962,Refund
2963,Transfer
2964,Refund
2965,Transfer
2966,Refund
2967,Transfer
2968,Refund
2969,Transfer
2970,Refund
2971,Transfer
2972,Refund
2973,Transfer
2974,Refund
2975,Transfer
2976,Refund
2977,Transfer
2978,Refund
2979,Transfer
2980,Refund
2981,Transfer
2982,Refund
2983,Transfer
2984,Refund
2985,Transfer
2986,Refund
2987,Transfer
2988,Refund
2989,Transfer
2990,Refund
2991,Transfer
2992,Refund
2993,Transfer
2994,Refund
2995,Transfer
2996,Refund
2997,Transfer
2998,Refund
2999,Transfer
3000,Refund
3001,Transfer
3002,Refund
3003,Transfer
3004,Refund
3005,Transfer
3006,Refund
3007,Transfer
3008,Refund
3009,Transfer
3010,Refund
3011,Transfer
3012,Refund
3013,Transfer
3014,Refund
3015,Transfer
3016,Refund
3017,Transfer
3018,Refund
3019,Transfer
3020,Refund
3021,Transfer
3022,Refund
3023,Transfer
3024,Refund
3025,Transfer
3026,Refund
3027,Transfer
3028,Refund
3029,Transfer
3030,Refund
3031,Transfer
3032,Refund
3033,Transfer
3034,Refund
3035,Transfer
3036,Refund
3037,Transfer
3038,Refund
3039,Transfer
3040,Refund
3041,Transfer
3042,Refund
3043,Transfer
3044,Refund
3045,Transfer
3046,Refund
3047,Transfer
3048,Refund
3049,Transfer
3050,Refund
3051,Transfer
3052,Refund
3053,Transfer
3054,Refund
3055,Transfer
3056,Refund
3057,Transfer
3058,Refund
3059,Transfer
3060,Refund
3061,Transfer
3062,Refund
3063,Transfer
3064,Refund
3065,Transfer
3066,Refund
3067,Transfer
3068,Refund
3069,Transfer
3070,Refund
3071,Transfer
3072,Refund
3073,Transfer
3074,Refund
3075,Transfer
3076,Refund
3077,Transfer
3078,Refund
3079,Transfer
3080,Refund
3081,Transfer
3082,Refund
3083,Transfer
3084,Refund
3085,Transfer
3086,Refund
3087,Transfer
3088,Refund
3089,Transfer
3090,Refund
3091,Transfer
3092,Refund
3093,Transfer
3094,Refund
3095,Transfer
3096,Refund
3097,Transfer
3098,Refund
3099,Transfer
3100,Refund
3101,Transfer
3102,Refund
3103,Transfer
3104,Refund
3105,Transfer
3106,Refund
3107,Transfer
3108,Refund
3109,Transfer
3110,Refund
3111,Transfer
3112,Refund
3113,Transfer
3114,Refund
3115,Transfer
3116,Refund
3117,Transfer
3118,Refund
3119,Transfer
3120,Refund
3121,Transfer
3122,Refund
3123,Transfer
3124,Refund
3125,Transfer
3126,Refund
3127,Transfer
3128,Refund
3129,Transfer
3130,Refund
3131,Transfer
3132,Refund
3133,Transfer
3134,Refund
3135,Transfer
3136,Refund
3137,Transfer
3138,Refund
3139,Transfer
3140,Refund
3141,Transfer
3142,Refund
3143,Transfer
3144,Refund
3145,Transfer
3146,Refund
3147,Transfer
3148,Refund
3149,Transfer
3150,Refund
3151,Transfer
3152,Refund
3153,Transfer
3154,Refund
3155,Transfer
3156,Refund
3157,Transfer
3158,Refund
3159,Transfer
3160,Refund
3161,Transfer
3162,Refund
3163,Transfer
3164,Refund
3165,Transfer
3166,Refund
3167,Transfer
3168,Refund
3169,Transfer
3170,Refund
3171,Transfer
3172,Refund
3173,Transfer
3174,Refund
3175,Transfer
3176,Refund
3177,Transfer
3178,Refund
3179,Transfer
3180,Refund
3181,Transfer
3182,Refund
3183,Transfer
3184,Refund
3185,Transfer
3186,Refund
3187,Transfer
3188,Refund
3189,Transfer
3190,Refund
3191,Transfer
3192,Refund
3193,Transfer
3194,Refund
3195,Transfer
3196,Refund
3197,Transfer
3198,Refund
3199,Transfer
3200,Refund
3201,Transfer
3202,Refund
3203,Transfer
3204,Refund
3205,Transfer
3206,Refund
3207,Transfer
3208,Refund
3209,Transfer
3210,Refund
3211,Transfer
3212,Refund
3213,Transfer
3214,Refund
3215,Transfer
3216,Refund
3217,Transfer
3218,Refund
3219,Transfer
3220,Refund
3221,Transfer
3222,Refund
3223,Transfer
3224,Refund
3225,Transfer
3226,Refund
3227,Transfer
3228,Refund
3229,Transfer
3230,Refund
3231,Transfer
3232,Refund
3233,Transfer
3234,Refund
3235,Transfer
3236,Refund
3237,Transfer
3238,Refund
3239,Transfer
3240,Refund
3241,Transfer
3242,Refund
3243,Transfer
3244,Refund
3245,Transfer
3246,Refund
3247,Transfer
3248,Refund
3249,Transfer
3250,Refund
3251,Transfer
3252,Refund
3253,Transfer
3254,Refund
3255,Transfer
3256,Refund
3257,Transfer
3258,Refund
3259,Transfer
3260,Refund
3261,Transfer
3262,Refund
3263,Transfer
3264,Refund
3265,Transfer
3266,Refund
3267,Transfer
3268,Refund
3269,Transfer
3270,Refund
3271,Transfer
3272,Refund
3273,Transfer
3274,Refund
3275,Transfer
3276,Refund
3277,Transfer
3278,Refund
3279,Transfer
3280,Refund
3281,Transfer
3282,Refund
3283,Transfer
3284,Refund
3285,Transfer
3286,Refund
3287,Transfer
3288,Refund
3289,Transfer
3290,Refund
3291,Transfer
3292,Refund
3293,Transfer
3294,Refund
3295,Transfer
3296,Refund
3297,Transfer
3298,Refund
3299,Transfer
3300,Refund
3301,Transfer
3302,Refund
3303,Transfer
3304,Refund
3305,Transfer
3306,Refund
3307,Transfer
3308,Refund
3309,Transfer
3310,Refund
3311,Transfer
3312,Refund
3313,Transfer
3314,Refund
3315,Transfer
3316,Refund
3317,Transfer
3318,Refund
3319,Transfer
3320,Refund
3321,Transfer
3322,Refund
3323,Transfer
3324,Refund
3325,Transfer
3326,Refund
3327,Transfer
3328,Refund
3329,Transfer
3330,Refund
3331,Transfer
3332,Refund
3333,Transfer
3334,Refund
3335,Transfer
3336,Refund
3337,Transfer
3338,Refund
3339,Transfer
3340,Refund
3341,Transfer
3342,Refund
3343,Transfer
3344,Refund
3345,Transfer
3346,Refund
3347,Transfer
3348,Refund
3349,Transfer
3350,Refund
3351,Transfer
3352,Refund
3353,Transfer
3354,Refund
3355,Transfer
3356,Refund
3357,Transfer
3358,Refund
3359,Transfer
3360,Refund
3361,Transfer
3362,Refund
3363,Transfer
3364,Refund
3365,Transfer
3366,Refund
3367,Transfer
3368,Refund
3369,Transfer
3370,Refund
3371,Transfer
3372,Refund
3373,Transfer
3374,Refund
3375,Transfer
3376,Refund
3377,Transfer
3378,Refund
3379,Transfer
3380,Refund
3381,Transfer
3382,Refund
3383,Transfer
3384,Refund
3385,Transfer
3386,Refund
3387,Transfer
3388,Refund
3389,Transfer
3390,Refund
3391,Transfer
3392,Refund
3393,Transfer
3394,Refund
3395,Transfer
3396,Refund
3397,Transfer
3398,Refund
3399,Transfer
3400,Refund
3401,Transfer
3402,Refund
3403,Transfer
3404,Refund
3405,Transfer
3406,Refund
3407,Transfer
3408,Refund
3409,Transfer
3410,Refund
3411,Transfer
3412,Refund
3413,Transfer
3414,Refund
3415,Transfer
3416,Refund
3417,Transfer
3418,Refund
3419,Transfer
3420,Refund
3421,Transfer
3422,Refund
3423,Transfer
3424,Refund
3425,Transfer
3426,Refund
3427,Transfer
3428,Refund
3429,Transfer
3430,Refund
3431,Transfer
3432,Refund
3433,Transfer
3434,Refund
3435,Transfer
3436,Refund
3437,Transfer
3438,Refund
3439,Transfer
3440,Refund
3441,Transfer
3442,Refund
3443,Transfer
3444,Refund
3445,Transfer
3446,Refund
3447,Transfer
3448,Refund
3449,Transfer
3450,Refund
3451,Transfer
3452,Refund
3453,Transfer
3454,Refund
3455,Transfer
3456,Refund
3457,Transfer
3458,Refund
3459,Transfer
3460,Refund
3461,Transfer
3462,Refund
3463,Transfer
3464,Refund
3465,Transfer
3466,Refund
3467,Transfer
3468,Refund
3469,Transfer
3470,Refund
3471,Transfer
3472,Refund
3473,Transfer
3474,Refund
3475,Transfer
3476,Refund
3477,Transfer
3478,Refund
3479,Transfer
3480,Refund
3481,Transfer
3482,Refund
3483,Transfer
3484,Refund
3485,Transfer
3486,Refund
3487,Transfer
3488,Refund
3489,Transfer
3490,Refund
3491,Transfer
3492,Refund
3493,Transfer
3494,Refund
3495,Transfer
3496,Refund
3497,Transfer
3498,Refund
3499,Transfer
3500,Refund
3501,Transfer
3502,Refund
3503,Transfer
3504,Refund
3505,Transfer
3506,Refund
3507,Transfer
3508,Refund
3509,Transfer
3510,Refund
3511,Transfer
3512,Refund
3513,Transfer
3514,Refund
3515,Transfer
3516,Refund
3517,Transfer
3518,Refund
3519,Transfer
3520,Refund
3521,Transfer
3522,Refund
3523,Transfer
3524,Refund
3525,Transfer
3526,Refund
3527,Transfer
3528,Refund
3529,Transfer
3530,Refund
3531,Transfer
3532,Refund
3533,Transfer
3534,Refund
3535,Transfer
3536,Refund
3537,Transfer
3538,Refund
3539,Transfer
3540,Refund
3541,Transfer
3542,Refund
3543,Transfer
3544,Refund
3545,Transfer
3546,Refund
3547,Transfer
3548,Refund
3549,Transfer
3550,Refund
3551,Transfer
3552,Refund
3553,Transfer
3554,Refund
3555,Transfer
3556,Refund
3557,Transfer
3558,Refund
3559,Transfer
3560,Refund
3561,Transfer
3562,Refund
3563,Transfer
3564,Refund
3565,Transfer
3566,Refund
3567,Transfer
3568,Refund
3569,Transfer
3570,Refund
3571,Transfer
3572,Refund
3573,Transfer
3574,Refund
3575,Transfer
3576,Refund
3577,Transfer
3578,Refund
3579,Transfer
3580,Refund
3581,Transfer
3582,Refund
3583,Transfer
3584,Refund
3585,Transfer
3586,Refund
3587,Transfer
3588,Refund
3589,Transfer
3590,Refund
3591,Transfer
3592,Refund
3593,Transfer
3594,Refund
3595,Transfer
3596,Refund
3597,Transfer
3598,Refund
3599,Transfer
3600,Refund
3601,Transfer
3602,Refund
3603,Transfer
3604,Refund
3605,Transfer
3606,Refund
3607,Transfer
3608,Refund
3609,Transfer
3610,Refund
3611,Transfer
3612,Refund
3613,Transfer
3614,Refund
3615,Transfer
3616,Refund
3617,Transfer
3618,Refund
3619,Transfer
3620,Refund
3621,Transfer
3622,Refund
3623,Transfer
3624,Refund
3625,Transfer
3626,Refund
3627,Transfer
3628,Refund
3629,Transfer
3630,Refund
3631,Transfer
3632,Refund
3633,Transfer
3634,Refund
3635,Transfer
3636,Refund
3637,Transfer
3638,Refund
3639,Transfer
3640,Refund
3641,Transfer
3642,Refund
3643,Transfer
3644,Refund
3645,Transfer
3646,Refund
3647,Transfer
3648,Refund
3649,Transfer
3650,Refund
3651,Transfer
3652,Refund
3653,Transfer
3654,Refund
3655,Transfer
3656,Refund
3657,Transfer
3658,Refund
3659,Transfer
3660,Refund
3661,Transfer
3662,Refund
3663,Transfer
3664,Refund
3665,Transfer
3666,Refund
3667,Transfer
3668,Refund
3669,Transfer
3670,Refund
3671,Transfer
3672,Refund
3673,Transfer
3674,Refund
3675,Transfer
3676,Refund
3677,Transfer
3678,Refund
3679,Transfer
3680,Refund
3681,Transfer
3682,Refund
3683,Transfer
3684,Refund
3685,Transfer
3686,Refund
3687,Transfer
3688,Refund
3689,Transfer
3690,Refund
3691,Transfer
3692,Refund
3693,Transfer
3694,Refund
3695,Transfer
3696,Refund
3697,Transfer
3698,Refund
3699,Transfer
3700,Refund
3701,Transfer
3702,Refund
3703,Transfer
3704,Refund
3705,Transfer
3706,Refund
3707,Transfer
3708,Refund
3709,Transfer
3710,Refund
3711,Transfer
3712,Refund
3713,Transfer
3714,Refund
3715,Transfer
3716,Refund
3717,Transfer
3718,Refund
3719,Transfer
3720,Refund
3721,Transfer
3722,Refund
3723,Transfer
3724,Refund
3725,Transfer
3726,Refund
3727,Transfer
3728,Refund
3729,Transfer
3730,Refund
3731,Transfer
3732,Refund
3733,Transfer
3734,Refund
3735,Transfer
3736,Refund
3737,Transfer
3738,Refund
3739,Transfer
3740,Refund
3741,Transfer
3742,Refund
3743,Transfer
3744,Refund
3745,Transfer
3746,Refund
3747,Transfer
3748,Refund
3749,Transfer
3750,Refund
3751,Transfer
3752,Refund
3753,Transfer
3754,Refund
3755,Transfer
3756,Refund
3757,Transfer
3758,Refund
3759,Transfer
3760,Refund
3761,Transfer
3762,Refund
3763,Transfer
3764,Refund
3765,Transfer
3766,Refund
3767,Transfer
3768,Refund
3769,Transfer
3770,Refund
3771,Transfer
3772,Refund
3773,Transfer
3774,Refund
3775,Transfer
3776,Refund
3777,Transfer
3778,Refund
3779,Transfer
3780,Refund
3781,Transfer
3782,Refund
3783,Transfer
3784,Refund
3785,Transfer
3786,Refund
3787,Transfer
3788,Refund
3789,Transfer
3790,Refund
3791,Transfer
3792,Refund
3793,Transfer
3794,Refund
3795,Transfer
3796,Refund
3797,Transfer
3798,Refund
3799,Transfer
3800,Refund
3801,Transfer
3802,Refund
3803,Transfer
3804,Refund
3805,Transfer
3806,Refund
3807,Transfer
3808,Refund
3809,Transfer
3810,Refund
3811,Transfer
3812,Refund
3813,Transfer
3814,Refund
3815,Transfer
3816,Refund
3817,Transfer
3818,Refund
3819,Transfer
3820,Refund
3821,Transfer
3822,Refund
3823,Transfer
3824,Refund
3825,Transfer
3826,Refund
3827,Transfer
3828,Refund
3829,Transfer
3830,Refund
3831,Transfer
3832,Refund
3833,Transfer
3834,Refund
3835,Transfer
3836,Refund
3837,Transfer
3838,Refund
3839,Transfer
3840,Refund
3841,Transfer
3842,Refund
3843,Transfer
3844,Refund
3845,Transfer
3846,Refund
3847,Transfer
3848,Refund
3849,Transfer
3850,Refund
3851,Transfer
3852,Refund
3853,Transfer
3854,Refund
3855,Transfer
3856,Refund
3857,Transfer
3858,Refund
3859,Transfer
3860,Refund
3861,Transfer
3862,Refund
3863,Transfer
3864,Refund
3865,Transfer
3866,Refund
3867,Transfer
3868,Refund
3869,Transfer
3870,Refund
3871,Transfer
3872,Refund
3873,Transfer
3874,Refund
3875,Transfer
3876,Refund
3877,Transfer
3878,Refund
3879,Transfer
3880,Refund
3881,Transfer
3882,Refund
3883,Transfer
3884,Refund
3885,Transfer
3886,Refund
3887,Transfer
3888,Refund
3889,Transfer
3890,Refund
3891,Transfer
3892,Refund
3893,Transfer
3894,Refund
3895,Transfer
3896,Refund
3897,Transfer
3898,Refund
3899,Transfer
3900,Refund
3901,Transfer
3902,Refund
3903,Transfer
3904,Refund
3905,Transfer
3906,Refund
3907,Transfer
3908,Refund
3909,Transfer
3910,Refund
3911,Transfer
3912,Refund
3913,Transfer
3914,Refund
3915,Transfer
3916,Refund
3917,Transfer
3918,Refund
3919,Transfer
3920,Refund
3921,Transfer
3922,Refund
3923,Transfer
3924,Refund
3925,Transfer
3926,Refund
3927,Transfer
3928,Refund
3929,Transfer
3930,Refund
3931,Transfer
3932,Refund
3933,Transfer
3934,Refund
3935,Transfer
3936,Refund
3937,Transfer
3938,Refund
3939,Transfer
3940,Refund
3941,Transfer
3942,Refund
3943,Transfer
3944,Refund
3945,Transfer
3946,Refund
3947,Transfer
3948,Refund
3949,Transfer
3950,Refund
3951,Transfer
3952,Refund
3953,Transfer
3954,Refund
3955,Transfer
3956,Refund
3957,Transfer
3958,Refund
3959,Transfer
3960,Refund
3961,Transfer
3962,Refund
3963,Transfer
3964,Refund
3965,Transfer
3966,Refund
3967,Transfer
3968,Refund
3969,Transfer
3970,Refund
3971,Transfer
3972,Refund
3973,Transfer
3974,Refund
3975,Transfer
3976,Refund
3977,Transfer
3978,Refund
3979,Transfer
3980,Refund
3981,Transfer
3982,Refund
3983,Transfer
3984,Refund
3985,Transfer
3986,Refund
3987,Transfer
3988,Refund
3989,Transfer
3990,Refund
3991,Transfer
3992,Refund
3993,Transfer
3994,Refund
3995,Transfer
3996,Refund
3997,Transfer
3998,Refund
3999,Transfer
4000,Refund
4001,Transfer
4002,Refund
4003,Transfer
4004,Refund
4005,Transfer
4006,Refund
4007,Transfer
4008,Refund
4009,Transfer
4010,Refund
4011,Transfer
4012,Refund
4013,Transfer
4014,Refund
4015,Transfer
4016,Refund
4017,Transfer
4018,Refund
4019,Transfer
4020,Refund
4021,Transfer
4022,Refund
4023,Transfer
4024,Refund
4025,Transfer
4026,Refund
4027,Transfer
4028,Refund
4029,Transfer
4030,Refund
4031,Transfer
4032,Refund
4033,Transfer
4034,Refund
4035,Transfer
4036,Refund
4037,Transfer
4038,Refund
4039,Transfer
4040,Refund
4041,Transfer
4042,Refund
4043,Transfer
4044,Refund
4045,Transfer
4046,Refund
4047,Transfer
4048,Refund
4049,Transfer
4050,Refund
4051,Transfer
4052,Refund
4053,Transfer
4054,Refund
4055,Transfer
4056,Refund
4057,Transfer
4058,Refund
4059,Transfer
4060,Refund
4061,Transfer
4062,Refund
4063,Transfer
4064,Refund
4065,Transfer
4066,Refund
4067,Transfer
4068,Refund
4069,Transfer
4070,Refund
4071,Transfer
4072,Refund
4073,Transfer
4074,Refund
4075,Transfer
4076,Refund
4077,Transfer
4078,Refund
4079,Transfer
4080,Refund
4081,Transfer
4082,Refund
4083,Transfer
4084,Refund
4085,Transfer
4086,Refund
4087,Transfer
4088,Refund
4089,Transfer
4090,Refund
4091,Transfer
4092,Refund
4093,Transfer
4094,Refund
4095,Transfer
4096,Refund
4097,Transfer
4098,Refund
4099,Transfer
4100,Refund
4101,Transfer
4102,Refund
4103,Transfer
4104,Refund
4105,Transfer
4106,Refund
4107,Transfer
4108,Refund
4109,Transfer
4110,Refund
4111,Transfer
4112,Refund
4113,Transfer
4114,Refund
4115,Transfer
4116,Refund
4117,Transfer
4118,Refund
4119,Transfer
4120,Refund
4121,Transfer
4122,Refund
4123,Transfer
4124,Refund
4125,Transfer
4126,Refund
4127,Transfer
4128,Refund
4129,Transfer
4130,Refund
4131,Transfer
4132,Refund
4133,Transfer
4134,Refund
4135,Transfer
4136,Refund
4137,Transfer
4138,Refund
4139,Transfer
4140,Refund
4141,Transfer
4142,Refund
4143,Transfer
4144,Refund
4145,Transfer
4146,Refund
4147,Transfer
4148,Refund
4149,Transfer
4150,Refund
4151,Transfer
4152,Refund
4153,Transfer
4154,Refund
4155,Transfer
4156,Refund
4157,Transfer
4158,Refund
4159,Transfer
4160,Refund
4161,Transfer
4162,Refund
4163,Transfer
4164,Refund
4165,Transfer
4166,Refund
4167,Transfer
4168,Refund
4169,Transfer
4170,Refund
4171,Transfer
4172,Refund
4173,Transfer
4174,Refund
4175,Transfer
4176,Refund
4177,Transfer
4178,Refund
4179,Transfer
4180,Refund
4181,Transfer
4182,Refund
4183,Transfer
4184,Refund
4185,Transfer
4186,Refund
4187,Transfer
4188,Refund
4189,Transfer
4190,Refund
4191,Transfer
4192,Refund
4193,Transfer
4194,Refund
4195,Transfer
4196,Refund
4197,Transfer
4198,Refund
4199,Transfer
4200,Refund
4201,Transfer
4202,Refund
4203,Transfer
4204,Refund
4205,Transfer
4206,Refund
4207,Transfer
4208,Refund
4209,Transfer
4210,Refund
4211,Transfer
4212,Refund
4213,Transfer
4214,Refund
4215,Transfer
4216,Refund
4217,Transfer
4218,Refund
4219,Transfer
4220,Refund
4221,Transfer
4222,Refund
4223,Transfer
4224,Refund
4225,Transfer
4226,Refund
4227,Transfer
4228,Refund
4229,Transfer
4230,Refund
4231,Transfer
4232,Refund
4233,Transfer
4234,Refund
4235,Transfer
4236,Refund
4237,Transfer
4238,Refund
4239,Transfer
4240,Refund
4241,Transfer
4242,Refund
4243,Transfer
4244,Refund
4245,Transfer
4246,Refund
4247,Transfer
4248,Refund
4249,Transfer
4250,Refund
4251,Transfer
4252,Refund
4253,Transfer
4254,Refund
4255,Transfer
4256,Refund
4257,Transfer
4258,Refund
4259,Transfer
4260,Refund
4261,Transfer
4262,Refund
4263,Transfer
4264,Refund
4265,Transfer
4266,Refund
4267,Transfer
4268,Refund
4269,Transfer
4270,Refund
4271,Transfer
4272,Refund
4273,Transfer
4274,Refund
4275,Transfer
4276,Refund
4277,Transfer
4278,Refund
4279,Transfer
4280,Refund
4281,Transfer
4282,Refund
4283,Transfer
4284,Refund
4285,Transfer
4286,Refund
4287,Transfer
4288,Refund
4289,Transfer
4290,Refund
4291,Transfer
4292,Refund
4293,Transfer
4294,Refund
4295,Transfer
4296,Refund
4297,Transfer
4298,Refund
4299,Transfer
4300,Refund
4301,Transfer
4302,Refund
4303,Transfer
4304,Refund
4305,Transfer
4306,Refund
4307,Transfer
4308,Refund
4309,Transfer
4310,Refund
4311,Transfer
4312,Refund
4313,Transfer
4314,Refund
4315,Transfer
4316,Refund
4317,Transfer
4318,Refund
4319,Transfer
4320,Refund
4321,Transfer
4322,Refund
4323,Transfer
4324,Refund
4325,Transfer
4326,Refund
4327,Transfer
4328,Refund
4329,Transfer
4330,Refund
4331,Transfer
4332,Refund
4333,Transfer
4334,Refund
4335,Transfer
4336,Refund
4337,Transfer
4338,Refund
4339,Transfer
4340,Refund
4341,Transfer
4342,Refund
4343,Transfer
4344,Refund
4345,Transfer
4346,Refund
4347,Transfer
4348,Refund
4349,Transfer
4350,Refund
4351,Transfer
4352,Refund
4353,Transfer
4354,Refund
4355,Transfer
4356,Refund
4357,Transfer
4358,Refund
4359,Transfer
4360,Refund
4361,Transfer
4362,Refund
4363,Transfer
4364,Refund
4365,Transfer
4366,Refund
4367,Transfer
4368,Refund
4369,Transfer
4370,Refund
4371,Transfer
4372,Refund
4373,Transfer
4374,Refund
4375,Transfer
4376,Refund
4377,Transfer
4378,Refund
4379,Transfer
4380,Refund
4381,Transfer
4382,Refund
4383,Transfer
4384,Refund
4385,Transfer
4386,Refund
4387,Transfer
4388,Refund
4389,Transfer
4390,Refund
4391,Transfer
4392,Refund
4393,Transfer
4394,Refund
4395,Transfer
4396,Refund
4397,Transfer
4398,Refund
4399,Transfer
4400,Refund
4401,Transfer
4402,Refund
4403,Transfer
4404,Refund
4405,Transfer
4406,Refund
4407,Transfer
4408,Refund
4409,Transfer
4410,Refund
4411,Transfer
4412,Refund
4413,Transfer
4414,Refund
4415,Transfer
4416,Refund
4417,Transfer
4418,Refund
4419,Transfer
4420,Refund
4421,Transfer
4422,Refund
4423,Transfer
4424,Refund
4425,Transfer
4426,Refund
4427,Transfer
4428,Refund
4429,Transfer
4430,Refund
4431,Transfer
4432,Refund
4433,Transfer
4434,Refund
4435,Transfer
4436,Refund
4437,Transfer
4438,Refund
4439,Transfer
4440,Refund
4441,Transfer
4442,Refund
4443,Transfer
4444,Refund
4445,Transfer
4446,Refund
4447,Transfer
4448,Refund
4449,Transfer
4450,Refund
4451,Transfer
4452,Refund
4453,Transfer
4454,Refund
4455,Transfer
4456,Refund
4457,Transfer
4458,Refund
4459,Transfer
4460,Refund
4461,Transfer
4462,Refund
4463,Transfer
4464,Refund
4465,Transfer
4466,Refund
4467,Transfer
4468,Refund
4469,Transfer
4470,Refund
4471,Transfer
4472,Refund
4473,Transfer
4474,Refund
4475,Transfer
4476,Refund
4477,Transfer
4478,Refund
4479,Transfer
4480,Refund
4481,Transfer
4482,Refund
4483,Transfer
4484,Refund
4485,Transfer
4486,Refund
4487,Transfer
4488,Refund
4489,Transfer
4490,Refund
4491,Transfer
4492,Refund
4493,Transfer
4494,Refund
4495,Transfer
4496,Refund
4497,Transfer
4498,Refund
4499,Transfer
4500,Refund
4501,Transfer
4502,Refund
4503,Transfer
4504,Refund
4505,Transfer
4506,Refund
4507,Transfer
4508,Refund
4509,Transfer
4510,Refund
4511,Transfer
4512,Refund
4513,Transfer
4514,Refund
4515,Transfer
4516,Refund
4517,Transfer
4518,Refund
4519,Transfer
4520,Refund
4521,Transfer
4522,Refund
4523,Transfer
4524,Refund
4525,Transfer
4526,Refund
4527,Transfer
4528,Refund
4529,Transfer
4530,Refund
4531,Transfer
4532,Refund
4533,Transfer
4534,Refund
4535,Transfer
4536,Refund
4537,Transfer
4538,Refund
4539,Transfer
4540,Refund
4541,Transfer
4542,Refund
4543,Transfer
4544,Refund
4545,Transfer
4546,Refund
4547,Transfer
4548,Refund
4549,Transfer
4550,Refund
4551,Transfer
4552,Refund
4553,Transfer
4554,Refund
4555,Transfer
4556,Refund
4557,Transfer
4558,Refund
4559,Transfer
4560,Refund
4561,Transfer
4562,Refund
4563,Transfer
4564,Refund
4565,Transfer
4566,Refund
4567,Transfer
4568,Refund
4569,Transfer
4570,Refund
4571,Transfer
4572,Refund
4573,Transfer
4574,Refund
4575,Transfer
4576,Refund
4577,Transfer
4578,Refund
4579,Transfer
4580,Refund
4581,Transfer
4582,Refund
4583,Transfer
4584,Refund
4585,Transfer
4586,Refund
4587,Transfer
4588,Refund
4589,Transfer
4590,Refund
4591,Transfer
4592,Refund
4593,Transfer
4594,Refund
4595,Transfer
4596,Refund
4597,Transfer
4598,Refund
4599,Transfer
4600,Refund
4601,Transfer
4602,Refund
4603,Transfer
4604,Refund
4605,Transfer
4606,Refund
4607,Transfer
4608,Refund
4609,Transfer
4610,Refund
4611,Transfer
4612,Refund
4613,Transfer
4614,Refund
4615,Transfer
4616,Refund
4617,Transfer
4618,Refund
4619,Transfer
4620,Refund
4621,Transfer
4622,Refund
4623,Transfer
4624,Refund
4625,Transfer
4626,Refund
4627,Transfer
4628,Refund
4629,Transfer
4630,Refund
4631,Transfer
4632,Refund
4633,Transfer
4634,Refund
4635,Transfer
4636,Refund
4637,Transfer
4638,Refund
4639,Transfer
4640,Refund
4641,Transfer
4642,Refund
4643,Transfer
4644,Refund
4645,Transfer
4646,Refund
4647,Transfer
4648,Refund
4649,Transfer
4650,Refund
4651,Transfer
4652,Refund
4653,Transfer
4654,Refund
4655,Transfer
4656,Refund
4657,Transfer
4658,Refund
4659,Transfer
4660,Refund
4661,Transfer
4662,Refund
4663,Transfer
4664,Refund
4665,Transfer
4666,Refund
4667,Transfer
4668,Refund
4669,Transfer
4670,Refund
4671,Transfer
4672,Refund
4673,Transfer
4674,Refund
4675,Transfer
4676,Refund
4677,Transfer
4678,Refund
4679,Transfer
4680,Refund
4681,Transfer
4682,Refund
4683,Transfer
4684,Refund
4685,Transfer
4686,Refund
4687,Transfer
4688,Refund
4689,Transfer
4690,Refund
4691,Transfer
4692,Refund
4693,Transfer
4694,Refund
4695,Transfer
4696,Refund
4697,Transfer
4698,Refund
4699,Transfer
4700,Refund
4701,Transfer
4702,Refund
4703,Transfer
4704,Refund
4705,Transfer
4706,Refund
4707,Transfer
4708,Refund
4709,Transfer
4710,Refund
4711,Transfer
4712,Refund
4713,Transfer
4714,Refund
4715,Transfer
4716,Refund
4717,Transfer
4718,Refund
4719,Transfer
4720,Refund
4721,Transfer
4722,Refund
4723,Transfer
4724,Refund
4725,Transfer
4726,Refund
4727,Transfer
4728,Refund
4729,Transfer
4730,Refund
4731,Transfer
4732,Refund
4733,Transfer
4734,Refund
4735,Transfer
4736,Refund
4737,Transfer
4738,Refund
4739,Transfer
4740,Refund
4741,Transfer
4742,Refund
4743,Transfer
4744,Refund
4745,Transfer
4746,Refund
4747,Transfer
4748,Refund
4749,Transfer
4750,Refund
4751,Transfer
4752,Refund
4753,Transfer
4754,Refund
4755,Transfer
4756,Refund
4757,Transfer
4758,Refund
4759,Transfer
4760,Refund
4761,Transfer
4762,Refund
4763,Transfer
4764,Refund
4765,Transfer
4766,Refund
4767,Transfer
4768,Refund
4769,Transfer
4770,Refund
4771,Transfer
4772,Refund
4773,Transfer
4774,Refund
4775,Transfer
4776,Refund
4777,Transfer
4778,Refund
4779,Transfer
4780,Refund
4781,Transfer
4782,Refund
4783,Transfer
4784,Refund
4785,Transfer
4786,Refund
4787,Transfer
4788,Refund
4789,Transfer
4790,Refund
4791,Transfer
4792,Refund
4793,Transfer
4794,Refund
4795,Transfer
4796,Refund
4797,Transfer
4798,Refund
4799,Transfer
4800,Refund
4801,Transfer
4802,Refund
4803,Transfer
4804,Refund
4805,Transfer
4806,Refund
4807,Transfer
4808,Refund
4809,Transfer
4810,Refund
4811,Transfer
4812,Refund
4813,Transfer
4814,Refund
4815,Transfer
4816,Refund
4817,Transfer
4818,Refund
4819,Transfer
4820,Refund
4821,Transfer
4822,Refund
4823,Transfer
4824,Refund
4825,Transfer
4826,Refund
4827,Transfer
4828,Refund
4829,Transfer
4830,Refund
4831,Transfer
4832,Refund
4833,Transfer
4834,Refund
4835,Transfer
4836,Refund
4837,Transfer
4838,Refund
4839,Transfer
4840,Refund
4841,Transfer
4842,Refund
4843,Transfer
4844,Refund
4845,Transfer
4846,Refund
4847,Transfer
4848,Refund
4849,Transfer
4850,Refund
4851,Transfer
4852,Refund
4853,Transfer
4854,Refund
4855,Transfer
4856,Refund
4857,Transfer
4858,Refund
4859,Transfer
4860,Refund
4861,Transfer
4862,Refund
4863,Transfer
4864,Refund
4865,Transfer
4866,Refund
4867,Transfer
4868,Refund
4869,Transfer
4870,Refund
4871,Transfer
4872,Refund
4873,Transfer
4874,Refund
4875,Transfer
4876,Refund
4877,Transfer
4878,Refund
4879,Transfer
4880,Refund
4881,Transfer
4882,Refund
4883,Transfer
4884,Refund
4885,Transfer
4886,Refund
4887,Transfer
4888,Refund
4889,Transfer
4890,Refund
4891,Transfer
4892,Refund
4893,Transfer
4894,Refund
4895,Transfer
4896,Refund
4897,Transfer
4898,Refund
4899,Transfer
4900,Refund
4901,Transfer
4902,Refund
4903,Transfer
4904,Refund
4905,Transfer
4906,Refund
4907,Transfer
4908,Refund
4909,Transfer
4910,Refund
4911,Transfer
4912,Refund
4913,Transfer
4914,Refund
4915,Transfer
4916,Refund
4917,Transfer
4918,Refund
4919,Transfer
4920,Refund
4921,Transfer
4922,Refund
4923,Transfer
4924,Refund
4925,Transfer
4926,Refund
4927,Transfer
4928,Refund
4929,Transfer
4930,Refund
4931,Transfer
4932,Refund
4933,Transfer
4934,Refund
4935,Transfer
4936,Refund
4937,Transfer
4938,Refund
4939,Transfer
4940,Refund
4941,Transfer
4942,Refund
4943,Transfer
4944,Refund
4945,Transfer
4946,Refund
4947,Transfer
4948,Refund
4949,Transfer
4950,Refund
4951,Transfer
4952,Refund
4953,Transfer
4954,Refund
4955,Transfer
4956,Refund
4957,Transfer
4958,Refund
4959,Transfer
4960,Refund
4961,Transfer
4962,Refund
4963,Transfer
4964,Refund
4965,Transfer
4966,Refund
4967,Transfer
4968,Refund
4969,Transfer
4970,Refund
4971,Transfer
4972,Refund
4973,Transfer
4974,Refund
4975,Transfer
4976,Refund
4977,Transfer
4978,Refund
4979,Transfer
4980,Refund
4981,Transfer
4982,Refund
4983,Transfer
4984,Refund
4985,Transfer
4986,Refund
4987,Transfer
4988,Refund
4989,Transfer
4990,Refund
4991,Transfer
4992,Refund
4993,Transfer
4994,Refund
4995,Transfer
4996,Refund
4997,Transfer
4998,Refund
4999,Transfer
5000,Refund
5001,Transfer
5002,Refund
5003,Transfer
5004,Refund
5005,Transfer
5006,Refund
5007,Transfer
5008,Refund
5009,Transfer
5010,Refund
5011,Transfer
5012,Refund
5013,Transfer
5014,Refund
5015,Transfer
5016,Refund
5017,Transfer
5018,Refund
5019,Transfer
5020,Refund
5021,Transfer
5022,Refund
5023,Transfer
5024,Refund
5025,Transfer
5026,Refund
5027,Transfer
5028,Refund
5029,Transfer
5030,Refund
5031,Transfer
5032,Refund
5033,Transfer
5034,Refund
5035,Transfer
5036,Refund
5037,Transfer
5038,Refund
5039,Transfer
5040,Refund
5041,Transfer
5042,Refund
5043,Transfer
5044,Refund
5045,Transfer
5046,Refund
5047,Transfer
5048,Refund
5049,Transfer
5050,Refund
5051,Transfer
5052,Refund
5053,Transfer
5054,Refund
5055,Transfer
5056,Refund
5057,Transfer
5058,Refund
5059,Transfer
5060,Refund
5061,Transfer
5062,Refund
5063,Transfer
5064,Refund
5065,Transfer
5066,Refund
5067,Transfer
5068,Refund
5069,Transfer
5070,Refund
5071,Transfer
5072,Refund
5073,Transfer
5074,Refund
5075,Transfer
5076,Refund
5077,Transfer
5078,Refund
5079,Transfer
5080,Refund
5081,Transfer
5082,Refund
5083,Transfer
5084,Refund
5085,Transfer
5086,Refund
5087,Transfer
5088,Refund
5089,Transfer
5090,Refund
5091,Transfer
5092,Refund
5093,Transfer
5094,Refund
5095,Transfer
5096,Refund
5097,Transfer
5098,Refund
5099,Transfer
5100,Refund
5101,Transfer
5102,Refund
5103,Transfer
5104,Refund
5105,Transfer
5106,Refund
5107,Transfer
5108,Refund
5109,Transfer
5110,Refund
5111,Transfer
5112,Refund
5113,Transfer
5114,Refund
5115,Transfer
5116,Refund
5117,Transfer
5118,Refund
5119,Transfer
5120,Refund
5121,Transfer
5122,Refund
5123,Transfer
5124,Refund
5125,Transfer
5126,Refund
5127,Transfer
5128,Refund
5129,Transfer
5130,Refund
5131,Transfer
5132,Refund
5133,Transfer
5134,Refund
5135,Transfer
5136,Refund
5137,Transfer
5138,Refund
5139,Transfer
5140,Refund
5141,Transfer
5142,Refund
5143,Transfer
5144,Refund
5145,Transfer
5146,Refund
5147,Transfer
5148,Refund
5149,Transfer
5150,Refund
5151,Transfer
5152,Refund
5153,Transfer
5154,Refund
5155,Transfer
5156,Refund
5157,Transfer
5158,Refund
5159,Transfer
5160,Refund
5161,Transfer
5162,Refund
5163,Transfer
5164,Refund
5165,Transfer
5166,Refund
5167,Transfer
5168,Refund
5169,Transfer
5170,Refund
5171,Transfer
5172,Refund
5173,Transfer
5174,Refund
5175,Transfer
5176,Refund
5177,Transfer
5178,Refund
5179,Transfer
5180,Refund
5181,Transfer
5182,Refund
5183,Transfer
5184,Refund
5185,Transfer
5186,Refund
5187,Transfer
5188,Refund
5189,Transfer
5190,Refund
5191,Transfer
5192,Refund
5193,Transfer
5194,Refund
5195,Transfer
5196,Refund
5197,Transfer
5198,Refund
5199,Transfer
5200,Refund
5201,Transfer
5202,Refund
5203,Transfer
5204,Refund
5205,Transfer
5206,Refund
5207,Transfer
5208,Refund
5209,Transfer
5210,Refund
5211,Transfer
5212,Refund
5213,Transfer
5214,Refund
5215,Transfer
5216,Refund
5217,Transfer
5218,Refund
5219,Transfer
5220,Refund
5221,Transfer
5222,Refund
5223,Transfer
5224,Refund
5225,Transfer
5226,Refund
5227,Transfer
5228,Refund
5229,Transfer
5230,Refund
5231,Transfer
5232,Refund
5233,Transfer
5234,Refund
5235,Transfer
5236,Refund
5237,Transfer
5238,Refund
5239,Transfer
5240,Refund
5241,Transfer
5242,Refund
5243,Transfer
5244,Refund
5245,Transfer
5246,Refund
5247,Transfer
5248,Refund
5249,Transfer
5250,Refund
5251,Transfer
5252,Refund
5253,Transfer
5254,Refund
5255,Transfer
5256,Refund
5257,Transfer
5258,Refund
5259,Transfer
5260,Refund
5261,Transfer
5262,Refund
5263,Transfer
5264,Refund
5265,Transfer
5266,Refund
5267,Transfer
5268,Refund
5269,Transfer
5270,Refund
5271,Transfer
5272,Refund
5273,Transfer
5274,Refund
5275,Transfer
5276,Refund
5277,Transfer
5278,Refund
5279,Transfer
5280,Refund
5281,Transfer
5282,Refund
5283,Transfer
5284,Refund
5285,Transfer
5286,Refund
5287,Transfer
5288,Refund
5289,Transfer
5290,Refund
5291,Transfer
5292,Refund
5293,Transfer
5294,Refund
5295,Transfer
5296,Refund
5297,Transfer
5298,Refund
5299,Transfer
5300,Refund
5301,Transfer
5302,Refund
5303,Transfer
5304,Refund
5305,Transfer
5306,Refund
5307,Transfer
5308,Refund
5309,Transfer
5310,Refund
5311,Transfer
5312,Refund
5313,Transfer
5314,Refund
5315,Transfer
5316,Refund
5317,Transfer
5318,Refund
5319,Transfer
5320,Refund
5321,Transfer
5322,Refund
5323,Transfer
5324,Refund
5325,Transfer
5326,Refund
5327,Transfer
5328,Refund
5329,Transfer
5330,Refund
5331,Transfer
5332,Refund
5333,Transfer
5334,Refund
5335,Transfer
5336,Refund
5337,Transfer
5338,Refund
5339,Transfer
5340,Refund
5341,Transfer
5342,Refund
5343,Transfer
5344,Refund
5345,Transfer
5346,Refund
5347,Transfer
5348,Refund
5349,Transfer
5350,Refund
5351,Transfer
5352,Refund
5353,Transfer
5354,Refund
5355,Transfer
5356,Refund
5357,Transfer
5358,Refund
5359,Transfer
5360,Refund
5361,Transfer
5362,Refund
5363,Transfer
5364,Refund
5365,Transfer
5366,Refund
5367,Transfer
5368,Refund
5369,Transfer
5370,Refund
5371,Transfer
5372,Refund
5373,Transfer
5374,Refund
5375,Transfer
5376,Refund
5377,Transfer
5378,Refund
5379,Transfer
5380,Refund
5381,Transfer
5382,Refund
5383,Transfer
5384,Refund
5385,Transfer
5386,Refund
5387,Transfer
5388,Refund
5389,Transfer
5390,Refund
5391,Transfer
5392,Refund
5393,Transfer
5394,Refund
5395,Transfer
5396,Refund
5397,Transfer
5398,Refund
5399,Transfer
5400,Refund
5401,Transfer
5402,Refund
5403,Transfer
5404,Refund
5405,Transfer
5406,Refund
5407,Transfer
5408,Refund
5409,Transfer
5410,Refund
5411,Transfer
5412,Refund
5413,Transfer
5414,Refund
5415,Transfer
5416,Refund
5417,Transfer
5418,Refund
5419,Transfer
5420,Refund
5421,Transfer
5422,Refund
5423,Transfer
5424,Refund
5425,Transfer
5426,Refund
5427,Transfer
5428,Refund
5429,Transfer
5430,Refund
5431,Transfer
5432,Refund
5433,Transfer
5434,Refund
5435,Transfer
5436,Refund
5437,Transfer
5438,Refund
5439,Transfer
5440,Refund
5441,Transfer
5442,Refund
5443,Transfer
5444,Refund
5445,Transfer
5446,Refund
5447,Transfer
5448,Refund
5449,Transfer
5450,Refund
5451,Transfer
5452,Refund
5453,Transfer
5454,Refund
5455,Transfer
5456,Refund
5457,Transfer
5458,Refund
5459,Transfer
5460,Refund
5461,Transfer
5462,Refund
5463,Transfer
5464,Refund
5465,Transfer
5466,Refund
5467,Transfer
5468,Refund
5469,Transfer
5470,Refund
5471,Transfer
5472,Refund
5473,Transfer
5474,Refund
5475,Transfer
5476,Refund
5477,Transfer
5478,Refund
5479,Transfer
5480,Refund
5481,Transfer
5482,Refund
5483,Transfer
5484,Refund
5485,Transfer
5486,Refund
5487,Transfer
5488,Refund
5489,Transfer
5490,Refund
5491,Transfer
5492,Refund
5493,Transfer
5494,Refund
5495,Transfer
5496,Refund
5497,Transfer
5498,Refund
5499,Transfer
5500,Refund
5501,Transfer
5502,Refund
5503,Transfer
5504,Refund
5505,Transfer
5506,Refund
5507,Transfer
5508,Refund
5509,Transfer
5510,Refund
5511,Transfer
5512,Refund
5513,Transfer
5514,Refund
5515,Transfer
5516,Refund
5517,Transfer
5518,Refund
5519,Transfer
5520,Refund
5521,Transfer
5522,Refund
5523,Transfer
5524,Refund
5525,Transfer
5526,Refund
5527,Transfer
5528,Refund
5529,Transfer
5530,Refund
5531,Transfer
5532,Refund
5533,Transfer
5534,Refund
5535,Transfer
5536,Refund
5537,Transfer
5538,Refund
5539,Transfer
5540,Refund
5541,Transfer
5542,Refund
5543,Transfer
5544,Refund
5545,Transfer
5546,Refund
5547,Transfer
5548,Refund
5549,Transfer
5550,Refund
5551,Transfer
5552,Refund
5553,Transfer
5554,Refund
5555,Transfer
5556,Refund
5557,Transfer
5558,Refund
5559,Transfer
5560,Refund
5561,Transfer
5562,Refund
5563,Transfer
5564,Refund
5565,Transfer
5566,Refund
5567,Transfer
5568,Refund
5569,Transfer
5570,Refund
5571,Transfer
5572,Refund
5573,Transfer
5574,Refund
5575,Transfer
5576,Refund
5577,Transfer
5578,Refund
5579,Transfer
5580,Refund
5581,Transfer
5582,Refund
5583,Transfer
5584,Refund
5585,Transfer
5586,Refund
5587,Transfer
5588,Refund
5589,Transfer
5590,Refund
5591,Transfer
5592,Refund
5593,Transfer
5594,Refund
5595,Transfer
5596,Refund
5597,Transfer
5598,Refund
5599,Transfer
5600,Refund
5601,Transfer
5602,Refund
5603,Transfer
5604,Refund
5605,Transfer
5606,Refund
5607,Transfer
5608,Refund
5609,Transfer
5610,Refund
5611,Transfer
5612,Refund
5613,Transfer
5614,Refund
5615,Transfer
5616,Refund
5617,Transfer
5618,Refund
5619,Transfer
5620,Refund
5621,Transfer
5622,Refund
5623,Transfer
5624,Refund
5625,Transfer
5626,Refund
5627,Transfer
5628,Refund
5629,Transfer
5630,Refund
5631,Transfer
5632,Refund
5633,Transfer
5634,Refund
5635,Transfer
5636,Refund
5637,Transfer
5638,Refund
5639,Transfer
5640,Refund
5641,Transfer
5642,Refund
5643,Transfer
5644,Refund
5645,Transfer
5646,Refund
5647,Transfer
5648,Refund
5649,Transfer
5650,Refund
5651,Transfer
5652,Refund
5653,Transfer
5654,Refund
5655,Transfer
5656,Refund
5657,Transfer
5658,Refund
5659,Transfer
5660,Refund
5661,Transfer
5662,Refund
5663,Transfer
5664,Refund
5665,Transfer
5666,Refund
5667,Transfer
5668,Refund
5669,Transfer
5670,Refund
5671,Transfer
5672,Refund
5673,Transfer
5674,Refund
5675,Transfer
5676,Refund
5677,Transfer
5678,Refund
5679,Transfer
5680,Refund
5681,Transfer
5682,Refund
5683,Transfer
5684,Refund
5685,Transfer
5686,Refund
5687,Transfer
5688,Refund
5689,Transfer
5690,Refund
5691,Transfer
5692,Refund
5693,Transfer
5694,Refund
5695,Transfer
5696,Refund
5697,Transfer
5698,Refund
5699,Transfer
5700,Refund
5701,Transfer
5702,Refund
5703,Transfer
5704,Refund
5705,Transfer
5706,Refund
5707,Transfer
5708,Refund
5709,Transfer
5710,Refund
5711,Transfer
5712,Refund
5713,Transfer
5714,Refund
5715,Transfer
5716,Refund
5717,Transfer
5718,Refund
5719,Transfer
5720,Refund
5721,Transfer
5722,Refund
5723,Transfer
5724,Refund
5725,Transfer
5726,Refund
5727,Transfer
5728,Refund
5729,Transfer
5730,Refund
5731,Transfer
5732,Refund
5733,Transfer
5734,Refund
5735,Transfer
5736,Refund
5737,Transfer
5738,Refund
5739,Transfer
5740,Refund
5741,Transfer
5742,Refund
5743,Transfer
5744,Refund
5745,Transfer
5746,Refund
5747,Transfer
5748,Refund
5749,Transfer
5750,Refund
5751,Transfer
5752,Refund
5753,Transfer
5754,Refund
5755,Transfer
5756,Refund
5757,Transfer
5758,Refund
5759,Transfer
5760,Refund
5761,Transfer
5762,Refund
5763,Transfer
5764,Refund
5765,Transfer
5766,Refund
5767,Transfer
5768,Refund
5769,Transfer
5770,Refund
5771,Transfer
5772,Refund
5773,Transfer
5774,Refund
5775,Transfer
5776,Refund
5777,Transfer
5778,Refund
5779,Transfer
5780,Refund
5781,Transfer
5782,Refund
5783,Transfer
5784,Refund
5785,Transfer
5786,Refund
5787,Transfer
5788,Refund
5789,Transfer
5790,Refund
5791,Transfer
5792,Refund
5793,Transfer
5794,Refund
5795,Transfer
5796,Refund
5797,Transfer
5798,Refund
5799,Transfer
5800,Refund
5801,Transfer
5802,Refund
5803,Transfer
5804,Refund
5805,Transfer
5806,Refund
5807,Transfer
5808,Refund
5809,Transfer
5810,Refund
5811,Transfer
5812,Refund
5813,Transfer
5814,Refund
5815,Transfer
5816,Refund
5817,Transfer
5818,Refund
5819,Transfer
5820,Refund
5821,Transfer
5822,Refund
5823,Transfer
5824,Refund
5825,Transfer
5826,Refund
5827,Transfer
5828,Refund
5829,Transfer
5830,Refund
5831,Transfer
5832,Refund
5833,Transfer
5834,Refund
5835,Transfer
5836,Refund
5837,Transfer
5838,Refund
5839,Transfer
5840,Refund
5841,Transfer
5842,Refund
5843,Transfer
5844,Refund
5845,Transfer
5846,Refund
5847,Transfer
5848,Refund
5849,Transfer
5850,Refund
5851,Transfer
5852,Refund
5853,Transfer
5854,Refund
5855,Transfer
5856,Refund
5857,Transfer
5858,Refund
5859,Transfer
5860,Refund
5861,Transfer
5862,Refund
5863,Transfer
5864,Refund
5865,Transfer
5866,Refund
5867,Transfer
5868,Refund
5869,Transfer
5870,Refund
5871,Transfer
5872,Refund
5873,Transfer
5874,Refund
5875,Transfer
5876,Refund
5877,Transfer
5878,Refund
5879,Transfer
5880,Refund
5881,Transfer
5882,Refund
5883,Transfer
5884,Refund
5885,Transfer
5886,Refund
5887,Transfer
5888,Refund
5889,Transfer
5890,Refund
5891,Transfer
5892,Refund
5893,Transfer
5894,Refund
5895,Transfer
5896,Refund
5897,Transfer
5898,Refund
5899,Transfer
5900,Refund
5901,Transfer
5902,Refund
5903,Transfer
5904,Refund
5905,Transfer
5906,Refund
5907,Transfer
5908,Refund
5909,Transfer
5910,Refund
5911,Transfer
5912,Refund
5913,Transfer
5914,Refund
5915,Transfer
5916,Refund
5917,Transfer
5918,Refund
5919,Transfer
5920,Refund
5921,Transfer
5922,Refund
5923,Transfer
5924,Refund
5925,Transfer
5926,Refund
5927,Transfer
5928,Refund
5929,Transfer
5930,Refund
5931,Transfer
5932,Refund
5933,Transfer
5934,Refund
5935,Transfer
5936,Refund
5937,Transfer
5938,Refund
5939,Transfer
5940,Refund
5941,Transfer
5942,Refund
5943,Transfer
5944,Refund
5945,Transfer
5946,Refund
5947,Transfer
5948,Refund
5949,Transfer
5950,Refund
5951,Transfer
5952,Refund
5953,Transfer
5954,Refund
5955,Transfer
5956,Refund
5957,Transfer
5958,Refund
5959,Transfer
5960,Refund
5961,Transfer
5962,Refund
5963,Transfer
5964,Refund
5965,Transfer
5966,Refund
5967,Transfer
5968,Refund
5969,Transfer
5970,Refund
5971,Transfer
5972,Refund
5973,Transfer
5974,Refund
5975,Transfer
5976,Refund
5977,Transfer
5978,Refund
5979,Transfer
5980,Refund
5981,Transfer
5982,Refund
5983,Transfer
5984,Refund
5985,Transfer
5986,Refund
5987,Transfer
5988,Refund
5989,Transfer
5990,Refund
5991,Transfer
5992,Refund
5993,Transfer
5994,Refund
5995,Transfer
5996,Refund
5997,Transfer
5998,Refund
5999,Transfer
6000,Refund
6001,Transfer
6002,Refund
6003,Transfer
6004,Refund
6005,Transfer
6006,Refund
6007,Transfer
6008,Refund
6009,Transfer
6010,Refund
6011,Transfer
6012,Refund
6013,Transfer
6014,Refund
6015,Transfer
6016,Refund
6017,Transfer
6018,Refund
6019,Transfer
6020,Refund
6021,Transfer
6022,Refund
6023,Transfer
6024,Refund
6025,Transfer
6026,Refund
6027,Transfer
6028,Refund
6029,Transfer
6030,Refund
6031,Transfer
6032,Refund
6033,Transfer
6034,Refund
6035,Transfer
6036,Refund
6037,Transfer
6038,Refund
6039,Transfer
6040,Refund
6041,Transfer
6042,Refund
6043,Transfer
6044,Refund
6045,Transfer
6046,Refund
6047,Transfer
6048,Refund
6049,Transfer
6050,Refund
6051,Transfer
6052,Refund
6053,Transfer
6054,Refund
6055,Transfer
6056,Refund
6057,Transfer
6058,Refund
6059,Transfer
6060,Refund
6061,Transfer
6062,Refund
6063,Transfer
6064,Refund
6065,Transfer
6066,Refund
6067,Transfer
6068,Refund
6069,Transfer
6070,Refund
6071,Transfer
6072,Refund
6073,Transfer
6074,Refund
6075,Transfer
6076,Refund
6077,Transfer
6078,Refund
6079,Transfer
6080,Refund
6081,Transfer
6082,Refund
6083,Transfer
6084,Refund
6085,Transfer
6086,Refund
6087,Transfer
6088,Refund
6089,Transfer
6090,Refund
6091,Transfer
6092,Refund
6093,Transfer
6094,Refund
6095,Transfer
6096,Refund
6097,Transfer
6098,Refund
6099,Transfer
6100,Refund
6101,Transfer
6102,Refund
6103,Transfer
6104,Refund
6105,Transfer
6106,Refund
6107,Transfer
6108,Refund
6109,Transfer
6110,Refund
6111,Transfer
6112,Refund
6113,Transfer
6114,Refund
6115,Transfer
6116,Refund
6117,Transfer
6118,Refund
6119,Transfer
6120,Refund
6121,Transfer
6122,Refund
6123,Transfer
6124,Refund
6125,Transfer
6126,Refund
6127,Transfer
6128,Refund
6129,Transfer
6130,Refund
6131,Transfer
6132,Refund
6133,Transfer
6134,Refund
6135,Transfer
6136,Refund
6137,Transfer
6138,Refund
6139,Transfer
6140,Refund
6141,Transfer
6142,Refund
6143,Transfer
6144,Refund
6145,Transfer
6146,Refund
6147,Transfer
6148,Refund
6149,Transfer
6150,Refund
6151,Transfer
6152,Refund
6153,Transfer
6154,Refund
6155,Transfer
6156,Refund
6157,Transfer
6158,Refund
6159,Transfer
6160,Refund
6161,Transfer
6162,Refund
6163,Transfer
6164,Refund
6165,Transfer
6166,Refund
6167,Transfer
6168,Refund
6169,Transfer
6170,Refund
6171,Transfer
6172,Refund
6173,Transfer
6174,Refund
6175,Transfer
6176,Refund
6177,Transfer
6178,Refund
6179,Transfer
6180,Refund
6181,Transfer
6182,Refund
6183,Transfer
6184,Refund
6185,Transfer
6186,Refund
6187,Transfer
6188,Refund
6189,Transfer
6190,Refund
6191,Transfer
6192,Refund
6193,Transfer
6194,Refund
6195,Transfer
6196,Refund
6197,Transfer
6198,Refund
6199,Transfer
6200,Refund
6201,Transfer
6202,Refund
6203,Transfer
6204,Refund
6205,Transfer
6206,Refund
6207,Transfer
6208,Refund
6209,Transfer
6210,Refund
6211,Transfer
6212,Refund
6213,Transfer
6214,Refund
6215,Transfer
6216,Refund
6217,Transfer
6218,Refund
6219,Transfer
6220,Refund
6221,Transfer
6222,Refund
6223,Transfer
6224,Refund
6225,Transfer
6226,Refund
6227,Transfer
6228,Refund
6229,Transfer
6230,Refund
6231,Transfer
6232,Refund
6233,Transfer
6234,Refund
6235,Transfer
6236,Refund
6237,Transfer
6238,Refund
6239,Transfer
6240,Refund
6241,Transfer
6242,Refund
6243,Transfer
6244,Refund
6245,Transfer
6246,Refund
6247,Transfer
6248,Refund
6249,Transfer
6250,Refund
6251,Transfer
6252,Refund
6253,Transfer
6254,Refund
6255,Transfer
6256,Refund
6257,Transfer
6258,Refund
6259,Transfer
6260,Refund
6261,Transfer
6262,Refund
6263,Transfer
6264,Refund
6265,Transfer
6266,Refund
6267,Transfer
6268,Refund
6269,Transfer
6270,Refund
6271,Transfer
6272,Refund
6273,Transfer
6274,Refund
6275,Transfer
6276,Refund
6277,Transfer
6278,Refund
6279,Transfer
6280,Refund
6281,Transfer
6282,Refund
6283,Transfer
6284,Refund
6285,Transfer
6286,Refund
6287,Transfer
6288,Refund
6289,Transfer
6290,Refund
6291,Transfer
6292,Refund
6293,Transfer
6294,Refund
6295,Transfer
6296,Refund
6297,Transfer
6298,Refund
6299,Transfer
6300,Refund
6301,Transfer
6302,Refund
6303,Transfer
6304,Refund
6305,Transfer
6306,Refund
6307,Transfer
6308,Refund
6309,Transfer
6310,Refund
6311,Transfer
6312,Refund
6313,Transfer
6314,Refund
6315,Transfer
6316,Refund
6317,Transfer
6318,Refund
6319,Transfer
6320,Refund
6321,Transfer
6322,Refund
6323,Transfer
6324,Refund
6325,Transfer
6326,Refund
6327,Transfer
6328,Refund
6329,Transfer
6330,Refund
6331,Transfer
6332,Refund
6333,Transfer
6334,Refund
6335,Transfer
6336,Refund
6337,Transfer
6338,Refund
6339,Transfer
6340,Refund
6341,Transfer
6342,Refund
6343,Transfer
6344,Refund
6345,Transfer
6346,Refund
6347,Transfer
6348,Refund
6349,Transfer
6350,Refund
6351,Transfer
6352,Refund
6353,Transfer
6354,Refund
6355,Transfer
6356,Refund
6357,Transfer
6358,Refund
6359,Transfer
6360,Refund
6361,Transfer
6362,Refund
6363,Transfer
6364,Refund
6365,Transfer
6366,Refund
6367,Transfer
6368,Refund
6369,Transfer
6370,Refund
6371,Transfer
6372,Refund
6373,Transfer
6374,Refund
6375,Transfer
6376,Refund
6377,Transfer
6378,Refund
6379,Transfer
6380,Refund
6381,Transfer
6382,Refund
6383,Transfer
6384,Refund
6385,Transfer
6386,Refund
6387,Transfer
6388,Refund
6389,Transfer
6390,Refund
6391,Transfer
6392,Refund
6393,Transfer
6394,Refund
6395,Transfer
6396,Refund
6397,Transfer
6398,Refund
6399,Transfer
6400,Refund
6401,Transfer
6402,Refund
6403,Transfer
6404,Refund
6405,Transfer
6406,Refund
6407,Transfer
6408,Refund
6409,Transfer
6410,Refund
6411,Transfer
6412,Refund
6413,Transfer
6414,Refund
6415,Transfer
6416,Refund
6417,Transfer
6418,Refund
6419,Transfer
6420,Refund
6421,Transfer
6422,Refund
6423,Transfer
6424,Refund
6425,Transfer
6426,Refund
6427,Transfer
6428,Refund
6429,Transfer
6430,Refund
6431,Transfer
6432,Refund
6433,Transfer
6434,Refund
6435,Transfer
6436,Refund
6437,Transfer
6438,Refund
6439,Transfer
6440,Refund
6441,Transfer
6442,Refund
6443,Transfer
6444,Refund
6445,Transfer
6446,Refund
6447,Transfer
6448,Refund
6449,Transfer
6450,Refund
6451,Transfer
6452,Refund
6453,Transfer
6454,Refund
6455,Transfer
6456,Refund
6457,Transfer
6458,Refund
6459,Transfer
6460,Refund
6461,Transfer
6462,Refund
6463,Transfer
6464,Refund
6465,Transfer
6466,Refund
6467,Transfer
6468,Refund
6469,Transfer
6470,Refund
6471,Transfer
6472,Refund
6473,Transfer
6474,Refund
6475,Transfer
6476,Refund
6477,Transfer
6478,Refund
6479,Transfer
6480,Refund
6481,Transfer
6482,Refund
6483,Transfer
6484,Refund
6485,Transfer
6486,Refund
6487,Transfer
6488,Refund
6489,Transfer
6490,Refund
6491,Transfer
6492,Refund
6493,Transfer
6494,Refund
6495,Transfer
6496,Refund
6497,Transfer
6498,Refund
6499,Transfer
6500,Refund
6501,Transfer
6502,Refund
6503,Transfer
6504,Refund
6505,Transfer
6506,Refund
6507,Transfer
6508,Refund
6509,Transfer
6510,Refund
6511,Transfer
6512,Refund
6513,Transfer
6514,Refund
6515,Transfer
6516,Refund
6517,Transfer
6518,Refund
6519,Transfer
6520,Refund
6521,Transfer
6522,Refund
6523,Transfer
6524,Refund
6525,Transfer
6526,Refund
6527,Transfer
6528,Refund
6529,Transfer
6530,Refund
6531,Transfer
6532,Refund
6533,Transfer
6534,Refund
6535,Transfer
6536,Refund
6537,Transfer
6538,Refund
6539,Transfer
6540,Refund
6541,Transfer
6542,Refund
6543,Transfer
6544,Refund
6545,Transfer
6546,Refund
6547,Transfer
6548,Refund
6549,Transfer
6550,Refund
6551,Transfer
6552,Refund
6553,Transfer
6554,Refund
6555,Transfer
6556,Refund
6557,Transfer
6558,Refund
6559,Transfer
6560,Refund
6561,Transfer
6562,Refund
6563,Transfer
6564,Refund
6565,Transfer
6566,Refund
6567,Transfer
6568,Refund
6569,Transfer
6570,Refund
6571,Transfer
6572,Refund
6573,Transfer
6574,Refund
6575,Transfer
6576,Refund
6577,Transfer
6578,Refund
6579,Transfer
6580,Refund
6581,Transfer
6582,Refund
6583,Transfer
6584,Refund
6585,Transfer
6586,Refund
6587,Transfer
6588,Refund
6589,Transfer
6590,Refund
6591,Transfer
6592,Refund
6593,Transfer
6594,Refund
6595,Transfer
6596,Refund
6597,Transfer
6598,Refund
6599,Transfer
6600,Refund
6601,Transfer
6602,Refund
6603,Transfer
6604,Refund
6605,Transfer
6606,Refund
6607,Transfer
6608,Refund
6609,Transfer
6610,Refund
6611,Transfer
6612,Refund
6613,Transfer
6614,Refund
6615,Transfer
6616,Refund
6617,Transfer
6618,Refund
6619,Transfer
6620,Refund
6621,Transfer
6622,Refund
6623,Transfer
6624,Refund
6625,Transfer
6626,Refund
6627,Transfer
6628,Refund
6629,Transfer
6630,Refund
6631,Transfer
6632,Refund
6633,Transfer
6634,Refund
6635,Transfer
6636,Refund
6637,Transfer
6638,Refund
6639,Transfer
6640,Refund
6641,Transfer
6642,Refund
6643,Transfer
6644,Refund
6645,Transfer
6646,Refund
6647,Transfer
6648,Refund
6649,Transfer
6650,Refund
6651,Transfer
6652,Refund
6653,Transfer
6654,Refund
6655,Transfer
6656,Refund
6657,Transfer
6658,Refund
6659,Transfer
6660,Refund
6661,Transfer
6662,Refund
6663,Transfer
6664,Refund
6665,Transfer
6666,Refund
6667,Transfer
6668,Refund
6669,Transfer
6670,Refund
6671,Transfer
6672,Refund
6673,Transfer
6674,Refund
6675,Transfer
6676,Refund
6677,Transfer
6678,Refund
6679,Transfer
6680,Refund
6681,Transfer
6682,Refund
6683,Transfer
6684,Refund
6685,Transfer
6686,Refund
6687,Transfer
6688,Refund
6689,Transfer
6690,Refund
6691,Transfer
6692,Refund
6693,Transfer
6694,Refund
6695,Transfer
6696,Refund
6697,Transfer
6698,Refund
6699,Transfer
6700,Refund
6701,Transfer
6702,Refund
6703,Transfer
6704,Refund
6705,Transfer
6706,Refund
6707,Transfer
6708,Refund
6709,Transfer
6710,Refund
6711,Transfer
6712,Refund
6713,Transfer
6714,Refund
6715,Transfer
6716,Refund
6717,Transfer
6718,Refund
6719,Transfer
6720,Refund
6721,Transfer
6722,Refund
6723,Transfer
6724,Refund
6725,Transfer
6726,Refund
6727,Transfer
6728,Refund
6729,Transfer
6730,Refund
6731,Transfer
6732,Refund
6733,Transfer
6734,Refund
6735,Transfer
6736,Refund
6737,Transfer
6738,Refund
6739,Transfer
6740,Refund
6741,Transfer
6742,Refund
6743,Transfer
6744,Refund
6745,Transfer
6746,Refund
6747,Transfer
6748,Refund
6749,Transfer
6750,Refund
6751,Transfer
6752,Refund
6753,Transfer
6754,Refund
6755,Transfer
6756,Refund
6757,Transfer
6758,Refund
6759,Transfer
6760,Refund
6761,Transfer
6762,Refund
6763,Transfer
6764,Refund
6765,Transfer
6766,Refund
6767,Transfer
6768,Refund
6769,Transfer
6770,Refund
6771,Transfer
6772,Refund
6773,Transfer
6774,Refund
6775,Transfer
6776,Refund
6777,Transfer
6778,Refund
6779,Transfer
6780,Refund
6781,Transfer
6782,Refund
6783,Transfer
6784,Refund
6785,Transfer
6786,Refund
6787,Transfer
6788,Refund
6789,Transfer
6790,Refund
6791,Transfer
6792,Refund
6793,Transfer
6794,Refund
6795,Transfer
6796,Refund
6797,Transfer
6798,Refund
6799,Transfer
6800,Refund
6801,Transfer
6802,Refund
6803,Transfer
6804,Refund
6805,Transfer
6806,Refund
6807,Transfer
6808,Refund
6809,Transfer
6810,Refund
6811,Transfer
6812,Refund
6813,Transfer
6814,Refund
6815,Transfer
6816,Refund
6817,Transfer
6818,Refund
6819,Transfer
6820,Refund
6821,Transfer
6822,Refund
6823,Transfer
6824,Refund
6825,Transfer
6826,Refund
6827,Transfer
6828,Refund
6829,Transfer
6830,Refund
6831,Transfer
6832,Refund
6833,Transfer
6834,Refund
6835,Transfer
6836,Refund
6837,Transfer
6838,Refund
6839,Transfer
6840,Refund
6841,Transfer
6842,Refund
6843,Transfer
6844,Refund
6845,Transfer
6846,Refund
6847,Transfer
6848,Refund
6849,Transfer
6850,Refund
6851,Transfer
6852,Refund
6853,Transfer
6854,Refund
6855,Transfer
6856,Refund
6857,Transfer
6858,Refund
6859,Transfer
6860,Refund
6861,Transfer
6862,Refund
6863,Transfer
6864,Refund
6865,Transfer
6866,Refund
6867,Transfer
6868,Refund
6869,Transfer
6870,Refund
6871,Transfer
6872,Refund
6873,Transfer
6874,Refund
6875,Transfer
6876,Refund
6877,Transfer
6878,Refund
6879,Transfer
6880,Refund
6881,Transfer
6882,Refund
6883,Transfer
6884,Refund
6885,Transfer
6886,Refund
6887,Transfer
6888,Refund
6889,Transfer
6890,Refund
6891,Transfer
6892,Refund
6893,Transfer
6894,Refund
6895,Transfer
6896,Refund
6897,Transfer
6898,Refund
6899,Transfer
6900,Refund
6901,Transfer
6902,Refund
6903,Transfer
6904,Refund
6905,Transfer
6906,Refund
6907,Transfer
6908,Refund
6909,Transfer
6910,Refund
6911,Transfer
6912,Refund
6913,Transfer
6914,Refund
6915,Transfer
6916,Refund
6917,Transfer
6918,Refund
6919,Transfer
6920,Refund
6921,Transfer
6922,Refund
6923,Transfer
6924,Refund
6925,Transfer
6926,Refund
6927,Transfer
6928,Refund
6929,Transfer
6930,Refund
6931,Transfer
6932,Refund
6933,Transfer
6934,Refund
6935,Transfer
6936,Refund
6937,Transfer
6938,Refund
6939,Transfer
6940,Refund
6941,Transfer
6942,Refund
6943,Transfer
6944,Refund
6945,Transfer
6946,Refund
6947,Transfer
6948,Refund
6949,Transfer
6950,Refund
6951,Transfer
6952,Refund
6953,Transfer
6954,Refund
6955,Transfer
6956,Refund
6957,Transfer
6958,Refund
6959,Transfer
6960,Refund
6961,Transfer
6962,Refund
6963,Transfer
6964,Refund
6965,Transfer
6966,Refund
6967,Transfer
6968,Refund
6969,Transfer
6970,Refund
6971,Transfer
6972,Refund
6973,Transfer
6974,Refund
6975,Transfer
6976,Refund
6977,Transfer
6978,Refund
6979,Transfer
6980,Refund
6981,Transfer
6982,Refund
6983,Transfer
6984,Refund
6985,Transfer
6986,Refund
6987,Transfer
6988,Refund
6989,Transfer
6990,Refund
6991,Transfer
6992,Refund
6993,Transfer
6994,Refund
6995,Transfer
6996,Refund
6997,Transfer
6998,Refund
6999,Transfer
7000,Refund
7001,Transfer
7002,Refund
7003,Transfer
7004,Refund
7005,Transfer
7006,Refund
7007,Transfer
7008,Refund
7009,Transfer
7010,Refund
7011,Transfer
7012,Refund
7013,Transfer
7014,Refund
7015,Transfer
7016,Refund
7017,Transfer
7018,Refund
7019,Transfer
7020,Refund
7021,Transfer
7022,Refund
7023,Transfer
7024,Refund
7025,Transfer
7026,Refund
7027,Transfer
7028,Refund
7029,Transfer
7030,Refund
7031,Transfer
7032,Refund
7033,Transfer
7034,Refund
7035,Transfer
7036,Refund
7037,Transfer
7038,Refund
7039,Transfer
7040,Refund
7041,Transfer
7042,Refund
7043,Transfer
7044,Refund
7045,Transfer
7046,Refund
7047,Transfer
7048,Refund
7049,Transfer
7050,Refund
7051,Transfer
7052,Refund
7053,Transfer
7054,Refund
7055,Transfer
7056,Refund
7057,Transfer
7058,Refund
7059,Transfer
7060,Refund
7061,Transfer
7062,Refund
7063,Transfer
7064,Refund
7065,Transfer
7066,Refund
7067,Transfer
7068,Refund
7069,Transfer
7070,Refund
7071,Transfer
7072,Refund
7073,Transfer
7074,Refund
7075,Transfer
7076,Refund
7077,Transfer
7078,Refund
7079,Transfer
7080,Refund
7081,Transfer
7082,Refund
7083,Transfer
7084,Refund
7085,Transfer
7086,Refund
7087,Transfer
7088,Refund
7089,Transfer
7090,Refund
7091,Transfer
7092,Refund
7093,Transfer
7094,Refund
7095,Transfer
7096,Refund
7097,Transfer
7098,Refund
7099,Transfer
7100,Refund
7101,Transfer
7102,Refund
7103,Transfer
7104,Refund
7105,Transfer
7106,Refund
7107,Transfer
7108,Refund
7109,Transfer
7110,Refund
7111,Transfer
7112,Refund
7113,Transfer
7114,Refund
7115,Transfer
7116,Refund
7117,Transfer
7118,Refund
7119,Transfer
7120,Refund
7121,Transfer
7122,Refund
7123,Transfer
7124,Refund
7125,Transfer
7126,Refund
7127,Transfer
7128,Refund
7129,Transfer
7130,Refund
7131,Transfer
7132,Refund
7133,Transfer
7134,Refund
7135,Transfer
7136,Refund
7137,Transfer
7138,Refund
7139,Transfer
7140,Refund
7141,Transfer
7142,Refund
7143,Transfer
7144,Refund
7145,Transfer
7146,Refund
7147,Transfer
7148,Refund
7149,Transfer
7150,Refund
7151,Transfer
7152,Refund
7153,Transfer
7154,Refund
7155,Transfer
7156,Refund
7157,Transfer
7158,Refund
7159,Transfer
7160,Refund
7161,Transfer
7162,Refund
7163,Transfer
7164,Refund
7165,Transfer
7166,Refund
7167,Transfer
7168,Refund
7169,Transfer
7170,Refund
7171,Transfer
7172,Refund
7173,Transfer
7174,Refund
7175,Transfer
7176,Refund
7177,Transfer
7178,Refund
7179,Transfer
7180,Refund
7181,Transfer
7182,Refund
7183,Transfer
7184,Refund
7185,Transfer
7186,Refund
7187,Transfer
7188,Refund
7189,Transfer
7190,Refund
7191,Transfer
7192,Refund
7193,Transfer
7194,Refund
7195,Transfer
7196,Refund
7197,Transfer
7198,Refund
7199,Transfer
7200,Refund
7201,Transfer
7202,Refund
7203,Transfer
7204,Refund
7205,Transfer
7206,Refund
7207,Transfer
7208,Refund
7209,Transfer
7210,Refund
7211,Transfer
7212,Refund
7213,Transfer
7214,Refund
7215,Transfer
7216,Refund
7217,Transfer
7218,Refund
7219,Transfer
7220,Refund
7221,Transfer
7222,Refund
7223,Transfer
7224,Refund
7225,Transfer
7226,Refund
7227,Transfer
7228,Refund
7229,Transfer
7230,Refund
7231,Transfer
7232,Refund
7233,Transfer
7234,Refund
7235,Transfer
7236,Refund
7237,Transfer
7238,Refund
7239,Transfer
7240,Refund
7241,Transfer
7242,Refund
7243,Transfer
7244,Refund
7245,Transfer
7246,Refund
7247,Transfer
7248,Refund
7249,Transfer
7250,Refund
7251,Transfer
7252,Refund
7253,Transfer
7254,Refund
7255,Transfer
7256,Refund
7257,Transfer
7258,Refund
7259,Transfer
7260,Refund
7261,Transfer
7262,Refund
7263,Transfer
7264,Refund
7265,Transfer
7266,Refund
7267,Transfer
7268,Refund
7269,Transfer
7270,Refund
7271,Transfer
7272,Refund
7273,Transfer
7274,Refund
7275,Transfer
7276,Refund
7277,Transfer
7278,Refund
7279,Transfer
7280,Refund
7281,Transfer
7282,Refund
7283,Transfer
7284,Refund
7285,Transfer
7286,Refund
7287,Transfer
7288,Refund
7289,Transfer
7290,Refund
7291,Transfer
7292,Refund
7293,Transfer
7294,Refund
7295,Transfer
7296,Refund
7297,Transfer
7298,Refund
7299,Transfer
7300,Refund
7301,Transfer
7302,Refund
7303,Transfer
7304,Refund
7305,Transfer
7306,Refund
7307,Transfer
7308,Refund
7309,Transfer
7310,Refund
7311,Transfer
7312,Refund
7313,Transfer
7314,Refund
7315,Transfer
7316,Refund
7317,Transfer
7318,Refund
7319,Transfer
7320,Refund
7321,Transfer
7322,Refund
7323,Transfer
7324,Refund
7325,Transfer
7326,Refund
7327,Transfer
7328,Refund
7329,Transfer
7330,Refund
7331,Transfer
7332,Refund
7333,Transfer
7334,Refund
7335,Transfer
7336,Refund
7337,Transfer
7338,Refund
7339,Transfer
7340,Refund
7341,Transfer
7342,Refund
7343,Transfer
7344,Refund
7345,Transfer
7346,Refund
7347,Transfer
7348,Refund
7349,Transfer
7350,Refund
7351,Transfer
7352,Refund
7353,Transfer
7354,Refund
7355,Transfer
7356,Refund
7357,Transfer
7358,Refund
7359,Transfer
7360,Refund
7361,Transfer
7362,Refund
7363,Transfer
7364,Refund
7365,Transfer
7366,Refund
7367,Transfer
7368,Refund
7369,Transfer
7370,Refund
7371,Transfer
7372,Refund
7373,Transfer
7374,Refund
7375,Transfer
7376,Refund
7377,Transfer
7378,Refund
7379,Transfer
7380,Refund
7381,Transfer
7382,Refund
7383,Transfer
7384,Refund
7385,Transfer
7386,Refund
7387,Transfer
7388,Refund
7389,Transfer
7390,Refund
7391,Transfer
7392,Refund
7393,Transfer
7394,Refund
7395,Transfer
7396,Refund
7397,Transfer
7398,Refund
7399,Transfer
7400,Refund
7401,Transfer
7402,Refund
7403,Transfer
7404,Refund
7405,Transfer
7406,Refund
7407,Transfer
7408,Refund
7409,Transfer
7410,Refund
7411,Transfer
7412,Refund
7413,Transfer
7414,Refund
7415,Transfer
7416,Refund
7417,Transfer
7418,Refund
7419,Transfer
7420,Refund
7421,Transfer
7422,Refund
7423,Transfer
7424,Refund
7425,Transfer
7426,Refund
7427,Transfer
7428,Refund
7429,Transfer
7430,Refund
7431,Transfer
7432,Refund
7433,Transfer
7434,Refund
7435,Transfer
7436,Refund
7437,Transfer
7438,Refund
7439,Transfer
7440,Refund
7441,Transfer
7442,Refund
7443,Transfer
7444,Refund
7445,Transfer
7446,Refund
7447,Transfer
7448,Refund
7449,Transfer
7450,Refund
7451,Transfer
7452,Refund
7453,Transfer
7454,Refund
7455,Transfer
7456,Refund
7457,Transfer
7458,Refund
7459,Transfer
7460,Refund
7461,Transfer
7462,Refund
7463,Transfer
7464,Refund
7465,Transfer
7466,Refund
7467,Transfer
7468,Refund
7469,Transfer
7470,Refund
7471,Transfer
7472,Refund
7473,Transfer
7474,Refund
7475,Transfer
7476,Refund
7477,Transfer
7478,Refund
7479,Transfer
7480,Refund
7481,Transfer
7482,Refund
7483,Transfer
7484,Refund
7485,Transfer
7486,Refund
7487,Transfer
7488,Refund
7489,Transfer
7490,Refund
7491,Transfer
7492,Refund
7493,Transfer
7494,Refund
7495,Transfer
7496,Refund
7497,Transfer
7498,Refund
7499,Transfer
7500,Refund
7501,Transfer
7502,Refund
7503,Transfer
7504,Refund
7505,Transfer
7506,Refund
7507,Transfer
7508,Refund
7509,Transfer
7510,Refund
7511,Transfer
7512,Refund
7513,Transfer
7514,Refund
7515,Transfer
7516,Refund
7517,Transfer
7518,Refund
7519,Transfer
7520,Refund
7521,Transfer
7522,Refund
7523,Transfer
7524,Refund
7525,Transfer
7526,Refund
7527,Transfer
7528,Refund
7529,Transfer
7530,Refund
7531,Transfer
7532,Refund
7533,Transfer
7534,Refund
7535,Transfer
7536,Refund
7537,Transfer
7538,Refund
7539,Transfer
7540,Refund
7541,Transfer
7542,Refund
7543,Transfer
7544,Refund
7545,Transfer
7546,Refund
7547,Transfer
7548,Refund
7549,Transfer
7550,Refund
7551,Transfer
7552,Refund
7553,Transfer
7554,Refund
7555,Transfer
7556,Refund
7557,Transfer
7558,Refund
7559,Transfer
7560,Refund
7561,Transfer
7562,Refund
7563,Transfer
7564,Refund
7565,Transfer
7566,Refund
7567,Transfer
7568,Refund
7569,Transfer
7570,Refund
7571,Transfer
7572,Refund
7573,Transfer
7574,Refund
7575,Transfer
7576,Refund
7577,Transfer
7578,Refund
7579,Transfer
7580,Refund
7581,Transfer
7582,Refund
7583,Transfer
7584,Refund
7585,Transfer
7586,Refund
7587,Transfer
7588,Refund
7589,Transfer
7590,Refund
7591,Transfer
7592,Refund
7593,Transfer
7594,Refund
7595,Transfer
7596,Refund
7597,Transfer
7598,Refund
7599,Transfer
7600,Refund
7601,Transfer
7602,Refund
7603,Transfer
7604,Refund
7605,Transfer
7606,Refund
7607,Transfer
7608,Refund
7609,Transfer
7610,Refund
7611,Transfer
7612,Refund
7613,Transfer
7614,Refund
7615,Transfer
7616,Refund
7617,Transfer
7618,Refund
7619,Transfer
7620,Refund
7621,Transfer
7622,Refund
7623,Transfer
7624,Refund
7625,Transfer
7626,Refund
7627,Transfer
7628,Refund
7629,Transfer
7630,Refund
7631,Transfer
7632,Refund
7633,Transfer
7634,Refund
7635,Transfer
7636,Refund
7637,Transfer
7638,Refund
7639,Transfer
7640,Refund
7641,Transfer
7642,Refund
7643,Transfer
7644,Refund
7645,Transfer
7646,Refund
7647,Transfer
7648,Refund
7649,Transfer
7650,Refund
7651,Transfer
7652,Refund
7653,Transfer
7654,Refund
7655,Transfer
7656,Refund
7657,Transfer
7658,Refund
7659,Transfer
7660,Refund
7661,Transfer
7662,Refund
7663,Transfer
7664,Refund
7665,Transfer
7666,Refund
7667,Transfer
7668,Refund
7669,Transfer
7670,Refund
7671,Transfer
7672,Refund
7673,Transfer
7674,Refund
7675,Transfer
7676,Refund
7677,Transfer
7678,Refund
7679,Transfer
7680,Refund
7681,Transfer
7682,Refund
7683,Transfer
7684,Refund
7685,Transfer
7686,Refund
7687,Transfer
7688,Refund
7689,Transfer
7690,Refund
7691,Transfer
7692,Refund
7693,Transfer
7694,Refund
7695,Transfer
7696,Refund
7697,Transfer
7698,Refund
7699,Transfer
7700,Refund
7701,Transfer
7702,Refund
7703,Transfer
7704,Refund
7705,Transfer
7706,Refund
7707,Transfer
7708,Refund
7709,Transfer
7710,Refund
7711,Transfer
7712,Refund
7713,Transfer
7714,Refund
7715,Transfer
7716,Refund
7717,Transfer
7718,Refund
7719,Transfer
7720,Refund
7721,Transfer
7722,Refund
7723,Transfer
7724,Refund
7725,Transfer
7726,Refund
7727,Transfer
7728,Refund
7729,Transfer
7730,Refund
7731,Transfer
7732,Refund
7733,Transfer
7734,Refund
7735,Transfer
7736,Refund
7737,Transfer
7738,Refund
7739,Transfer
7740,Refund
7741,Transfer
7742,Refund
7743,Transfer
7744,Refund
7745,Transfer
7746,Refund
7747,Transfer
7748,Refund
7749,Transfer
7750,Refund
7751,Transfer
7752,Refund
7753,Transfer
7754,Refund
7755,Transfer
7756,Refund
7757,Transfer
7758,Refund
7759,Transfer
7760,Refund
7761,Transfer
7762,Refund
7763,Transfer
7764,Refund
7765,Transfer
7766,Refund
7767,Transfer
7768,Refund
7769,Transfer
7770,Refund
7771,Transfer
7772,Refund
7773,Transfer
7774,Refund
7775,Transfer
7776,Refund
7777,Transfer
7778,Refund
7779,Transfer
7780,Refund
7781,Transfer
7782,Refund
7783,Transfer
7784,Refund
7785,Transfer
7786,Refund
7787,Transfer
7788,Refund
7789,Transfer
7790,Refund
7791,Transfer
7792,Refund
7793,Transfer
7794,Refund
7795,Transfer
7796,Refund
7797,Transfer
7798,Refund
7799,Transfer
7800,Refund
7801,Transfer
7802,Refund
7803,Transfer
7804,Refund
7805,Transfer
7806,Refund
7807,Transfer
7808,Refund
7809,Transfer
7810,Refund
7811,Transfer
7812,Refund
7813,Transfer
7814,Refund
7815,Transfer
7816,Refund
7817,Transfer
7818,Refund
7819,Transfer
7820,Refund
7821,Transfer
7822,Refund
7823,Transfer
7824,Refund
7825,Transfer
7826,Refund
7827,Transfer
7828,Refund
7829,Transfer
7830,Refund
7831,Transfer
7832,Refund
7833,Transfer
7834,Refund
7835,Transfer
7836,Refund
7837,Transfer
7838,Refund
7839,Transfer
7840,Refund
7841,Transfer
7842,Refund
7843,Transfer
7844,Refund
7845,Transfer
7846,Refund
7847,Transfer
7848,Refund
7849,Transfer
7850,Refund
7851,Transfer
7852,Refund
7853,Transfer
7854,Refund
7855,Transfer
7856,Refund
7857,Transfer
7858,Refund
7859,Transfer
7860,Refund
7861,Transfer
7862,Refund
7863,Transfer
7864,Refund
7865,Transfer
7866,Refund
7867,Transfer
7868,Refund
7869,Transfer
7870,Refund
7871,Transfer
7872,Refund
7873,Transfer
7874,Refund
7875,Transfer
7876,Refund
7877,Transfer
7878,Refund
7879,Transfer
7880,Refund
7881,Transfer
7882,Refund
7883,Transfer
7884,Refund
7885,Transfer
7886,Refund
7887,Transfer
7888,Refund
7889,Transfer
7890,Refund
7891,Transfer
7892,Refund
7893,Transfer
7894,Refund
7895,Transfer
7896,Refund
7897,Transfer
7898,Refund
7899,Transfer
7900,Refund
7901,Transfer
7902,Refund
7903,Transfer
7904,Refund
7905,Transfer
7906,Refund
7907,Transfer
7908,Refund
7909,Transfer
7910,Refund
7911,Transfer
7912,Refund
7913,Transfer
7914,Refund
7915,Transfer
7916,Refund
7917,Transfer
7918,Refund
7919,Transfer
7920,Refund
7921,Transfer
7922,Refund
7923,Transfer
7924,Refund
7925,Transfer
7926,Refund
7927,Transfer
7928,Refund
7929,Transfer
7930,Refund
7931,Transfer
7932,Refund
7933,Transfer
7934,Refund
7935,Transfer
7936,Refund
7937,Transfer
7938,Refund
7939,Transfer
7940,Refund
7941,Transfer
7942,Refund
7943,Transfer
7944,Refund
7945,Transfer
7946,Refund
7947,Transfer
7948,Refund
7949,Transfer
7950,Refund
7951,Transfer
7952,Refund
7953,Transfer
7954,Refund
7955,Transfer
7956,Refund
7957,Transfer
7958,Refund
7959,Transfer
7960,Refund
7961,Transfer
7962,Refund
7963,Transfer
7964,Refund
7965,Transfer
7966,Refund
7967,Transfer
7968,Refund
7969,Transfer
7970,Refund
7971,Transfer
7972,Refund
7973,Transfer
7974,Refund
7975,Transfer
7976,Refund
7977,Transfer
7978,Refund
7979,Transfer
7980,Refund
7981,Transfer
7982,Refund
7983,Transfer
7984,Refund
7985,Transfer
7986,Refund
7987,Transfer
7988,Refund
7989,Transfer
7990,Refund
7991,Transfer
7992,Refund
7993,Transfer
7994,Refund
7995,Transfer
7996,Refund
7997,Transfer
7998,Refund
7999,Transfer
8000,Refund
8001,Transfer
8002,Refund
8003,Transfer
8004,Refund
8005,Transfer
8006,Refund
8007,Transfer
8008,Refund
8009,Transfer
8010,Refund
8011,Transfer
8012,Refund
8013,Transfer
8014,Refund
8015,Transfer
8016,Refund
8017,Transfer
8018,Refund
8019,Transfer
8020,Refund
8021,Transfer
8022,Refund
8023,Transfer
8024,Refund
8025,Transfer
8026,Refund
8027,Transfer
8028,Refund
8029,Transfer
8030,Refund
8031,Transfer
8032,Refund
8033,Transfer
8034,Refund
8035,Transfer
8036,Refund
8037,Transfer
8038,Refund
8039,Transfer
8040,Refund
8041,Transfer
8042,Refund
8043,Transfer
8044,Refund
8045,Transfer
8046,Refund
8047,Transfer
8048,Refund
8049,Transfer
8050,Refund
8051,Transfer
8052,Refund
8053,Transfer
8054,Refund
8055,Transfer
8056,Refund
8057,Transfer
8058,Refund
8059,Transfer
8060,Refund
8061,Transfer
8062,Refund
8063,Transfer
8064,Refund
8065,Transfer
8066,Refund
8067,Transfer
8068,Refund
8069,Transfer
8070,Refund
8071,Transfer
8072,Refund
8073,Transfer
8074,Refund
8075,Transfer
8076,Refund
8077,Transfer
8078,Refund
8079,Transfer
8080,Refund
8081,Transfer
8082,Refund
8083,Transfer
8084,Refund
8085,Transfer
8086,Refund
8087,Transfer
8088,Refund
8089,Transfer
8090,Refund
8091,Transfer
8092,Refund
8093,Transfer
8094,Refund
8095,Transfer
8096,Refund
8097,Transfer
8098,Refund
8099,Transfer
8100,Refund
8101,Transfer
8102,Refund
8103,Transfer
8104,Refund
8105,Transfer
8106,Refund
8107,Transfer
8108,Refund
8109,Transfer
8110,Refund
8111,Transfer
8112,Refund
8113,Transfer
8114,Refund
8115,Transfer
8116,Refund
8117,Transfer
8118,Refund
8119,Transfer
8120,Refund
8121,Transfer
8122,Refund
8123,Transfer
8124,Refund
8125,Transfer
8126,Refund
8127,Transfer
8128,Refund
8129,Transfer
8130,Refund
8131,Transfer
8132,Refund
8133,Transfer
8134,Refund
8135,Transfer
8136,Refund
8137,Transfer
8138,Refund
8139,Transfer
8140,Refund
8141,Transfer
8142,Refund
8143,Transfer
8144,Refund
8145,Transfer
8146,Refund
8147,Transfer
8148,Refund
8149,Transfer
8150,Refund
8151,Transfer
8152,Refund
8153,Transfer
8154,Refund
8155,Transfer
8156,Refund
8157,Transfer
8158,Refund
8159,Transfer
8160,Refund
8161,Transfer
8162,Refund
8163,Transfer
8164,Refund
8165,Transfer
8166,Refund
8167,Transfer
8168,Refund
8169,Transfer
8170,Refund
8171,Transfer
8172,Refund
8173,Transfer
8174,Refund
8175,Transfer
8176,Refund
8177,Transfer
8178,Refund
8179,Transfer
8180,Refund
8181,Transfer
8182,Refund
8183,Transfer
8184,Refund
8185,Transfer
8186,Refund
8187,Transfer
8188,Refund
8189,Transfer
8190,Refund
8191,Transfer
8192,Refund
8193,Transfer
8194,Refund
8195,Transfer
8196,Refund
8197,Transfer
8198,Refund
8199,Transfer
8200,Refund
8201,Transfer
8202,Refund
8203,Transfer
8204,Refund
8205,Transfer
8206,Refund
8207,Transfer
8208,Refund
8209,Transfer
8210,Refund
8211,Transfer
8212,Refund
8213,Transfer
8214,Refund
8215,Transfer
8216,Refund
8217,Transfer
8218,Refund
8219,Transfer
8220,Refund
8221,Transfer
8222,Refund
8223,Transfer
8224,Refund
8225,Transfer
8226,Refund
8227,Transfer
8228,Refund
8229,Transfer
8230,Refund
8231,Transfer
8232,Refund
8233,Transfer
8234,Refund
8235,Transfer
8236,Refund
8237,Transfer
8238,Refund
8239,Transfer
8240,Refund
8241,Transfer
8242,Refund
8243,Transfer
8244,Refund
8245,Transfer
8246,Refund
8247,Transfer
8248,Refund
8249,Transfer
8250,Refund
8251,Transfer
8252,Refund
8253,Transfer
8254,Refund
8255,Transfer
8256,Refund
8257,Transfer
8258,Refund
8259,Transfer
8260,Refund
8261,Transfer
8262,Refund
8263,Transfer
8264,Refund
8265,Transfer
8266,Refund
8267,Transfer
8268,Refund
8269,Transfer
8270,Refund
8271,Transfer
8272,Refund
8273,Transfer
8274,Refund
8275,Transfer
8276,Refund
8277,Transfer
8278,Refund
8279,Transfer
8280,Refund
8281,Transfer
8282,Refund
8283,Transfer
8284,Refund
8285,Transfer
8286,Refund
8287,Transfer
8288,Refund
8289,Transfer
8290,Refund
8291,Transfer
8292,Refund
8293,Transfer
8294,Refund
8295,Transfer
8296,Refund
8297,Transfer
8298,Refund
8299,Transfer
8300,Refund
8301,Transfer
8302,Refund
8303,Transfer
8304,Refund
8305,Transfer
8306,Refund
8307,Transfer
8308,Refund
8309,Transfer
8310,Refund
8311,Transfer
8312,Refund
8313,Transfer
8314,Refund
8315,Transfer
8316,Refund
8317,Transfer
8318,Refund
8319,Transfer
8320,Refund
8321,Transfer
8322,Refund
8323,Transfer
8324,Refund
8325,Transfer
8326,Refund
8327,Transfer
8328,Refund
8329,Transfer
8330,Refund
8331,Transfer
8332,Refund
8333,Transfer
8334,Refund
8335,Transfer
8336,Refund
8337,Transfer
8338,Refund
8339,Transfer
8340,Refund
8341,Transfer
8342,Refund
8343,Transfer
8344,Refund
8345,Transfer
8346,Refund
8347,Transfer
8348,Refund
8349,Transfer
8350,Refund
8351,Transfer
8352,Refund
8353,Transfer
8354,Refund
8355,Transfer
8356,Refund
8357,Transfer
8358,Refund
8359,Transfer
8360,Refund
8361,Transfer
8362,Refund
8363,Transfer
8364,Refund
8365,Transfer
8366,Refund
8367,Transfer
8368,Refund
8369,Transfer
8370,Refund
8371,Transfer
8372,Refund
8373,Transfer
8374,Refund
8375,Transfer
8376,Refund
8377,Transfer
8378,Refund
8379,Transfer
8380,Refund
8381,Transfer
8382,Refund
8383,Transfer
8384,Refund
8385,Transfer
8386,Refund
8387,Transfer
8388,Refund
8389,Transfer
8390,Refund
8391,Transfer
8392,Refund
8393,Transfer
8394,Refund
8395,Transfer
8396,Refund
8397,Transfer
8398,Refund
8399,Transfer
8400,Refund
8401,Transfer
8402,Refund
8403,Transfer
8404,Refund
8405,Transfer
8406,Refund
8407,Transfer
8408,Refund
8409,Transfer
8410,Refund
8411,Transfer
8412,Refund
8413,Transfer
8414,Refund
8415,Transfer
8416,Refund
8417,Transfer
8418,Refund
8419,Transfer
8420,Refund
8421,Transfer
8422,Refund
8423,Transfer
8424,Refund
8425,Transfer
8426,Refund
8427,Transfer
8428,Refund
8429,Transfer
8430,Refund
8431,Transfer
8432,Refund
8433,Transfer
8434,Refund
8435,Transfer
8436,Refund
8437,Transfer
8438,Refund
8439,Transfer
8440,Refund
8441,Transfer
8442,Refund
8443,Transfer
8444,Refund
8445,Transfer
8446,Refund
8447,Transfer
8448,Refund
8449,Transfer
8450,Refund
8451,Transfer
8452,Refund
8453,Transfer
8454,Refund
8455,Transfer
8456,Refund
8457,Transfer
8458,Refund
8459,Transfer
8460,Refund
8461,Transfer
8462,Refund
8463,Transfer
8464,Refund
8465,Transfer
8466,Refund
8467,Transfer
8468,Refund
8469,Transfer
8470,Refund
8471,Transfer
8472,Refund
8473,Transfer
8474,Refund
8475,Transfer
8476,Refund
8477,Transfer
8478,Refund
8479,Transfer
8480,Refund
8481,Transfer
8482,Refund
8483,Transfer
8484,Refund
8485,Transfer
8486,Refund
8487,Transfer
8488,Refund
8489,Transfer
8490,Refund
8491,Transfer
8492,Refund
8493,Transfer
8494,Refund
8495,Transfer
8496,Refund
8497,Transfer
8498,Refund
8499,Transfer
8500,Refund
8501,Transfer
8502,Refund
8503,Transfer
8504,Refund
8505,Transfer
8506,Refund
8507,Transfer
8508,Refund
8509,Transfer
8510,Refund
8511,Transfer
8512,Refund
8513,Transfer
8514,Refund
8515,Transfer
8516,Refund
8517,Transfer
8518,Refund
8519,Transfer
8520,Refund
8521,Transfer
8522,Refund
8523,Transfer
8524,Refund
8525,Transfer
8526,Refund
8527,Transfer
8528,Refund
8529,Transfer
8530,Refund
8531,Transfer
8532,Refund
8533,Transfer
8534,Refund
8535,Transfer
8536,Refund
8537,Transfer
8538,Refund
8539,Transfer
8540,Refund
8541,Transfer
8542,Refund
8543,Transfer
8544,Refund
8545,Transfer
8546,Refund
8547,Transfer
8548,Refund
8549,Transfer
8550,Refund
8551,Transfer
8552,Refund
8553,Transfer
8554,Refund
8555,Transfer
8556,Refund
8557,Transfer
8558,Refund
8559,Transfer
8560,Refund
8561,Transfer
8562,Refund
8563,Transfer
8564,Refund
8565,Transfer
8566,Refund
8567,Transfer
8568,Refund
8569,Transfer
8570,Refund
8571,Transfer
8572,Refund
8573,Transfer
8574,Refund
8575,Transfer
8576,Refund
8577,Transfer
8578,Refund
8579,Transfer
8580,Refund
8581,Transfer
8582,Refund
8583,Transfer
8584,Refund
8585,Transfer
8586,Refund
8587,Transfer
8588,Refund
8589,Transfer
8590,Refund
8591,Transfer
8592,Refund
8593,Transfer
8594,Refund
8595,Transfer
8596,Refund
8597,Transfer
8598,Refund
8599,Transfer
8600,Refund
8601,Transfer
8602,Refund
8603,Transfer
8604,Refund
8605,Transfer
8606,Refund
8607,Transfer
8608,Refund
8609,Transfer
8610,Refund
8611,Transfer
8612,Refund
8613,Transfer
8614,Refund
8615,Transfer
8616,Refund
8617,Transfer
8618,Refund
8619,Transfer
8620,Refund
8621,Transfer
8622,Refund
8623,Transfer
8624,Refund
8625,Transfer
8626,Refund
8627,Transfer
8628,Refund
8629,Transfer
8630,Refund
8631,Transfer
8632,Refund
8633,Transfer
8634,Refund
8635,Transfer
8636,Refund
8637,Transfer
8638,Refund
8639,Transfer
8640,Refund
8641,Transfer
8642,Refund
8643,Transfer
8644,Refund
8645,Transfer
8646,Refund
8647,Transfer
8648,Refund
8649,Transfer
8650,Refund
8651,Transfer
8652,Refund
8653,Transfer
8654,Refund
8655,Transfer
8656,Refund
8657,Transfer
8658,Refund
8659,Transfer
8660,Refund
8661,Transfer
8662,Refund
8663,Transfer
8664,Refund
8665,Transfer
8666,Refund
8667,Transfer
8668,Refund
8669,Transfer
8670,Refund
8671,Transfer
8672,Refund
8673,Transfer
8674,Refund
8675,Transfer
8676,Refund
8677,Transfer
8678,Refund
8679,Transfer
8680,Refund
8681,Transfer
8682,Refund
8683,Transfer
8684,Refund
8685,Transfer
8686,Refund
8687,Transfer
8688,Refund
8689,Transfer
8690,Refund
8691,Transfer
8692,Refund
8693,Transfer
8694,Refund
8695,Transfer
8696,Refund
8697,Transfer
8698,Refund
8699,Transfer
8700,Refund
8701,Transfer
8702,Refund
8703,Transfer
8704,Refund
8705,Transfer
8706,Refund
8707,Transfer
8708,Refund
8709,Transfer
8710,Refund
8711,Transfer
8712,Refund
8713,Transfer
8714,Refund
8715,Transfer
8716,Refund
8717,Transfer
8718,Refund
8719,Transfer
8720,Refund
8721,Transfer
8722,Refund
8723,Transfer
8724,Refund
8725,Transfer
8726,Refund
8727,Transfer
8728,Refund
8729,Transfer
8730,Refund
8731,Transfer
8732,Refund
8733,Transfer
8734,Refund
8735,Transfer
8736,Refund
8737,Transfer
8738,Refund
8739,Transfer
8740,Refund
8741,Transfer
8742,Refund
8743,Transfer
8744,Refund
8745,Transfer
8746,Refund
8747,Transfer
8748,Refund
8749,Transfer
8750,Refund
8751,Transfer
8752,Refund
8753,Transfer
8754,Refund
8755,Transfer
8756,Refund
8757,Transfer
8758,Refund
8759,Transfer
8760,Refund
8761,Transfer
8762,Refund
8763,Transfer
8764,Refund
8765,Transfer
8766,Refund
8767,Transfer
8768,Refund
8769,Transfer
8770,Refund
8771,Transfer
8772,Refund
8773,Transfer
8774,Refund
8775,Transfer
8776,Refund
8777,Transfer
8778,Refund
8779,Transfer
8780,Refund
8781,Transfer
8782,Refund
8783,Transfer
8784,Refund
8785,Transfer
8786,Refund
8787,Transfer
8788,Refund
8789,Transfer
8790,Refund
8791,Transfer
8792,Refund
8793,Transfer
8794,Refund
8795,Transfer
8796,Refund
8797,Transfer
8798,Refund
8799,Transfer
8800,Refund
8801,Transfer
8802,Refund
8803,Transfer
8804,Refund
8805,Transfer
8806,Refund
8807,Transfer
8808,Refund
8809,Transfer
8810,Refund
8811,Transfer
8812,Refund
8813,Transfer
8814,Refund
8815,Transfer
8816,Refund
8817,Transfer
8818,Refund
8819,Transfer
8820,Refund
8821,Transfer
8822,Refund
8823,Transfer
8824,Refund
8825,Transfer
8826,Refund
8827,Transfer
8828,Refund
8829,Transfer
8830,Refund
8831,Transfer
8832,Refund
8833,Transfer
8834,Refund
8835,Transfer
8836,Refund
8837,Transfer
8838,Refund
8839,Transfer
8840,Refund
8841,Transfer
8842,Refund
8843,Transfer
8844,Refund
8845,Transfer
8846,Refund
8847,Transfer
8848,Refund
8849,Transfer
8850,Refund
8851,Transfer
8852,Refund
8853,Transfer
8854,Refund
8855,Transfer
8856,Refund
8857,Transfer
8858,Refund
8859,Transfer
8860,Refund
8861,Transfer
8862,Refund
8863,Transfer
8864,Refund
8865,Transfer
8866,Refund
8867,Transfer
8868,Refund
8869,Transfer
8870,Refund
8871,Transfer
8872,Refund
8873,Transfer
8874,Refund
8875,Transfer
8876,Refund
8877,Transfer
8878,Refund
8879,Transfer
8880,Refund
8881,Transfer
8882,Refund
8883,Transfer
8884,Refund
8885,Transfer
8886,Refund
8887,Transfer
8888,Refund
8889,Transfer
8890,Refund
8891,Transfer
8892,Refund
8893,Transfer
8894,Refund
8895,Transfer
8896,Refund
8897,Transfer
8898,Refund
8899,Transfer
8900,Refund
8901,Transfer
8902,Refund
8903,Transfer
8904,Refund
8905,Transfer
8906,Refund
8907,Transfer
8908,Refund
8909,Transfer
8910,Refund
8911,Transfer
8912,Refund
8913,Transfer
8914,Refund
8915,Transfer
8916,Refund
8917,Transfer
8918,Refund
8919,Transfer
8920,Refund
8921,Transfer
8922,Refund
8923,Transfer
8924,Refund
8925,Transfer
8926,Refund
8927,Transfer
8928,Refund
8929,Transfer
8930,Refund
8931,Transfer
8932,Refund
8933,Transfer
8934,Refund
8935,Transfer
8936,Refund
8937,Transfer
8938,Refund
8939,Transfer
8940,Refund
8941,Transfer
8942,Refund
8943,Transfer
8944,Refund
8945,Transfer
8946,Refund
8947,Transfer
8948,Refund
8949,Transfer
8950,Refund
8951,Transfer
8952,Refund
8953,Transfer
8954,Refund
8955,Transfer
8956,Refund
8957,Transfer
8958,Refund
8959,Transfer
8960,Refund
8961,Transfer
8962,Refund
8963,Transfer
8964,Refund
8965,Transfer
8966,Refund
8967,Transfer
8968,Refund
8969,Transfer
8970,Refund
8971,Transfer
8972,Refund
8973,Transfer
8974,Refund
8975,Transfer
8976,Refund
8977,Transfer
8978,Refund
8979,Transfer
8980,Refund
8981,Transfer
8982,Refund
8983,Transfer
8984,Refund
8985,Transfer
8986,Refund
8987,Transfer
8988,Refund
8989,Transfer
8990,Refund
8991,Transfer
8992,Refund
8993,Transfer
8994,Refund
8995,Transfer
8996,Refund
8997,Transfer
8998,Refund
8999,Transfer
9000,Refund
9001,Transfer
9002,Refund
9003,Transfer
9004,Refund
9005,Transfer
9006,Refund
9007,Transfer
9008,Refund
9009,Transfer
9010,Refund
9011,Transfer
9012,Refund
9013,Transfer
9014,Refund
9015,Transfer
9016,Refund
9017,Transfer
9018,Refund
9019,Transfer
9020,Refund
9021,Transfer
9022,Refund
9023,Transfer
9024,Refund
9025,Transfer
9026,Refund
9027,Transfer
9028,Refund
9029,Transfer
9030,Refund
9031,Transfer
9032,Refund
9033,Transfer
9034,Refund
9035,Transfer
9036,Refund
9037,Transfer
9038,Refund
9039,Transfer
9040,Refund
9041,Transfer
9042,Refund
9043,Transfer
9044,Refund
9045,Transfer
9046,Refund
9047,Transfer
9048,Refund
9049,Transfer
9050,Refund
9051,Transfer
9052,Refund
9053,Transfer
9054,Refund
9055,Transfer
9056,Refund
9057,Transfer
9058,Refund
9059,Transfer
9060,Refund
9061,Transfer
9062,Refund
9063,Transfer
9064,Refund
9065,Transfer
9066,Refund
9067,Transfer
9068,Refund
9069,Transfer
9070,Refund
9071,Transfer
9072,Refund
9073,Transfer
9074,Refund
9075,Transfer
9076,Refund
9077,Transfer
9078,Refund
9079,Transfer
9080,Refund
9081,Transfer
9082,Refund
9083,Transfer
9084,Refund
9085,Transfer
9086,Refund
9087,Transfer
9088,Refund
9089,Transfer
9090,Refund
9091,Transfer
9092,Refund
9093,Transfer
9094,Refund
9095,Transfer
9096,Refund
9097,Transfer
9098,Refund
9099,Transfer
9100,Refund
9101,Transfer
9102,Refund
9103,Transfer
9104,Refund
9105,Transfer
9106,Refund
9107,Transfer
9108,Refund
9109,Transfer
9110,Refund
9111,Transfer
9112,Refund
9113,Transfer
9114,Refund
9115,Transfer
9116,Refund
9117,Transfer
9118,Refund
9119,Transfer
9120,Refund
9121,Transfer
9122,Refund
9123,Transfer
9124,Refund
9125,Transfer
9126,Refund
9127,Transfer
9128,Refund
9129,Transfer
9130,Refund
9131,Transfer
9132,Refund
9133,Transfer
9134,Refund
9135,Transfer
9136,Refund
9137,Transfer
9138,Refund
9139,Transfer
9140,Refund
9141,Transfer
9142,Refund
9143,Transfer
9144,Refund
9145,Transfer
9146,Refund
9147,Transfer
9148,Refund
9149,Transfer
9150,Refund
9151,Transfer
9152,Refund
9153,Transfer
9154,Refund
9155,Transfer
9156,Refund
9157,Transfer
9158,Refund
9159,Transfer
9160,Refund
9161,Transfer
9162,Refund
9163,Transfer
9164,Refund
9165,Transfer
9166,Refund
9167,Transfer
9168,Refund
9169,Transfer
9170,Refund
9171,Transfer
9172,Refund
9173,Transfer
9174,Refund
9175,Transfer
9176,Refund
9177,Transfer
9178,Refund
9179,Transfer
9180,Refund
9181,Transfer
9182,Refund
9183,Transfer
9184,Refund
9185,Transfer
9186,Refund
9187,Transfer
9188,Refund
9189,Transfer
9190,Refund
9191,Transfer
9192,Refund
9193,Transfer
9194,Refund
9195,Transfer
9196,Refund
9197,Transfer
9198,Refund
9199,Transfer
9200,Refund
9201,Transfer
9202,Refund
9203,Transfer
9204,Refund
9205,Transfer
9206,Refund
9207,Transfer
9208,Refund
9209,Transfer
9210,Refund
9211,Transfer
9212,Refund
9213,Transfer
9214,Refund
9215,Transfer
9216,Refund
9217,Transfer
9218,Refund
9219,Transfer
9220,Refund
9221,Transfer
9222,Refund
9223,Transfer
9224,Refund
9225,Transfer
9226,Refund
9227,Transfer
9228,Refund
9229,Transfer
9230,Refund
9231,Transfer
9232,Refund
9233,Transfer
9234,Refund
9235,Transfer
9236,Refund
9237,Transfer
9238,Refund
9239,Transfer
9240,Refund
9241,Transfer
9242,Refund
9243,Transfer
9244,Refund
9245,Transfer
9246,Refund
9247,Transfer
9248,Refund
9249,Transfer
9250,Refund
9251,Transfer
9252,Refund
9253,Transfer
9254,Refund
9255,Transfer
9256,Refund
9257,Transfer
9258,Refund
9259,Transfer
9260,Refund
9261,Transfer
9262,Refund
9263,Transfer
9264,Refund
9265,Transfer
9266,Refund
9267,Transfer
9268,Refund
9269,Transfer
9270,Refund
9271,Transfer
9272,Refund
9273,Transfer
9274,Refund
9275,Transfer
9276,Refund
9277,Transfer
9278,Refund
9279,Transfer
9280,Refund
9281,Transfer
9282,Refund
9283,Transfer
9284,Refund
9285,Transfer
9286,Refund
9287,Transfer
9288,Refund
9289,Transfer
9290,Refund
9291,Transfer
9292,Refund
9293,Transfer
9294,Refund
9295,Transfer
9296,Refund
9297,Transfer
9298,Refund
9299,Transfer
9300,Refund
9301,Transfer
9302,Refund
9303,Transfer
9304,Refund
9305,Transfer
9306,Refund
9307,Transfer
9308,Refund
9309,Transfer
9310,Refund
9311,Transfer
9312,Refund
9313,Transfer
9314,Refund
9315,Transfer
9316,Refund
9317,Transfer
9318,Refund
9319,Transfer
9320,Refund
9321,Transfer
9322,Refund
9323,Transfer
9324,Refund
9325,Transfer
9326,Refund
9327,Transfer
9328,Refund
9329,Transfer
9330,Refund
9331,Transfer
9332,Refund
9333,Transfer
9334,Refund
9335,Transfer
9336,Refund
9337,Transfer
9338,Refund
9339,Transfer
9340,Refund
9341,Transfer
9342,Refund
9343,Transfer
9344,Refund
9345,Transfer
9346,Refund
9347,Transfer
9348,Refund
9349,Transfer
9350,Refund
9351,Transfer
9352,Refund
9353,Transfer
9354,Refund
9355,Transfer
9356,Refund
9357,Transfer
9358,Refund
9359,Transfer
9360,Refund
9361,Transfer
9362,Refund
9363,Transfer
9364,Refund
9365,Transfer
9366,Refund
9367,Transfer
9368,Refund
9369,Transfer
9370,Refund
9371,Transfer
9372,Refund
9373,Transfer
9374,Refund
9375,Transfer
9376,Refund
9377,Transfer
9378,Refund
9379,Transfer
9380,Refund
9381,Transfer
9382,Refund
9383,Transfer
9384,Refund
9385,Transfer
9386,Refund
9387,Transfer
9388,Refund
9389,Transfer
9390,Refund
9391,Transfer
9392,Refund
9393,Transfer
9394,Refund
9395,Transfer
9396,Refund
9397,Transfer
9398,Refund
9399,Transfer
9400,Refund
9401,Transfer
9402,Refund
9403,Transfer
9404,Refund
9405,Transfer
9406,Refund
9407,Transfer
9408,Refund
9409,Transfer
9410,Refund
9411,Transfer
9412,Refund
9413,Transfer
9414,Refund
9415,Transfer
9416,Refund
9417,Transfer
9418,Refund
9419,Transfer
9420,Refund
9421,Transfer
9422,Refund
9423,Transfer
9424,Refund
9425,Transfer
9426,Refund
9427,Transfer
9428,Refund
9429,Transfer
9430,Refund
9431,Transfer
9432,Refund
9433,Transfer
9434,Refund
9435,Transfer
9436,Refund
9437,Transfer
9438,Refund
9439,Transfer
9440,Refund
9441,Transfer
9442,Refund
9443,Transfer
9444,Refund
9445,Transfer
9446,Refund
9447,Transfer
9448,Refund
9449,Transfer
9450,Refund
9451,Transfer
9452,Refund
9453,Transfer
9454,Refund
9455,Transfer
9456,Refund
9457,Transfer
9458,Refund
9459,Transfer
9460,Refund
9461,Transfer
9462,Refund
9463,Transfer
9464,Refund
9465,Transfer
9466,Refund
9467,Transfer
9468,Refund
9469,Transfer
9470,Refund
9471,Transfer
9472,Refund
9473,Transfer
9474,Refund
9475,Transfer
9476,Refund
9477,Transfer
9478,Refund
9479,Transfer
9480,Refund
9481,Transfer
9482,Refund
9483,Transfer
9484,Refund
9485,Transfer
9486,Refund
9487,Transfer
9488,Refund
9489,Transfer
9490,Refund
9491,Transfer
9492,Refund
9493,Transfer
9494,Refund
9495,Transfer
9496,Refund
9497,Transfer
9498,Refund
9499,Transfer
9500,Refund
9501,Transfer
9502,Refund
9503,Transfer
9504,Refund
9505,Transfer
9506,Refund
9507,Transfer
9508,Refund
9509,Transfer
9510,Refund
9511,Transfer
9512,Refund
9513,Transfer
9514,Refund
9515,Transfer
9516,Refund
9517,Transfer
9518,Refund
9519,Transfer
9520,Refund
9521,Transfer
9522,Refund
9523,Transfer
9524,Refund
9525,Transfer
9526,Refund
9527,Transfer
9528,Refund
9529,Transfer
9530,Refund
9531,Transfer
9532,Refund
9533,Transfer
9534,Refund
9535,Transfer
9536,Refund
9537,Transfer
9538,Refund
9539,Transfer
9540,Refund
9541,Transfer
9542,Refund
9543,Transfer
9544,Refund
9545,Transfer
9546,Refund
9547,Transfer
9548,Refund
9549,Transfer
9550,Refund
9551,Transfer
9552,Refund
9553,Transfer
9554,Refund
9555,Transfer
9556,Refund
9557,Transfer
9558,Refund
9559,Transfer
9560,Refund
9561,Transfer
9562,Refund
9563,Transfer
9564,Refund
9565,Transfer
9566,Refund
9567,Transfer
9568,Refund
9569,Transfer
9570,Refund
9571,Transfer
9572,Refund
9573,Transfer
9574,Refund
9575,Transfer
9576,Refund
9577,Transfer
9578,Refund
9579,Transfer
9580,Refund
9581,Transfer
9582,Refund
9583,Transfer
9584,Refund
9585,Transfer
9586,Refund
9587,Transfer
9588,Refund
9589,Transfer
9590,Refund
9591,Transfer
9592,Refund
9593,Transfer
9594,Refund
9595,Transfer
9596,Refund
9597,Transfer
9598,Refund
9599,Transfer
9600,Refund
9601,Transfer
9602,Refund
9603,Transfer
9604,Refund
9605,Transfer
9606,Refund
9607,Transfer
9608,Refund
9609,Transfer
9610,Refund
9611,Transfer
9612,Refund
9613,Transfer
9614,Refund
9615,Transfer
9616,Refund
9617,Transfer
9618,Refund
9619,Transfer
9620,Refund
9621,Transfer
9622,Refund
9623,Transfer
9624,Refund
9625,Transfer
9626,Refund
9627,Transfer
9628,Refund
9629,Transfer
9630,Refund
9631,Transfer
9632,Refund
9633,Transfer
9634,Refund
9635,Transfer
9636,Refund
9637,Transfer
9638,Refund
9639,Transfer
9640,Refund
9641,Transfer
9642,Refund
9643,Transfer
9644,Refund
9645,Transfer
9646,Refund
9647,Transfer
9648,Refund
9649,Transfer
9650,Refund
9651,Transfer
9652,Refund
9653,Transfer
9654,Refund
9655,Transfer
9656,Refund
9657,Transfer
9658,Refund
9659,Transfer
9660,Refund
9661,Transfer
9662,Refund
9663,Transfer
9664,Refund
9665,Transfer
9666,Refund
9667,Transfer
9668,Refund
9669,Transfer
9670,Refund
9671,Transfer
9672,Refund
9673,Transfer
9674,Refund
9675,Transfer
9676,Refund
9677,Transfer
9678,Refund
9679,Transfer
9680,Refund
9681,Transfer
9682,Refund
9683,Transfer
9684,Refund
9685,Transfer
9686,Refund
9687,Transfer
9688,Refund
9689,Transfer
9690,Refund
9691,Transfer
9692,Refund
9693,Transfer
9694,Refund
9695,Transfer
9696,Refund
9697,Transfer
9698,Refund
9699,Transfer
9700,Refund
9701,Transfer
9702,Refund
9703,Transfer
9704,Refund
9705,Transfer
9706,Refund
9707,Transfer
9708,Refund
9709,Transfer
9710,Refund
9711,Transfer
9712,Refund
9713,Transfer
9714,Refund
9715,Transfer
9716,Refund
9717,Transfer
9718,Refund
9719,Transfer
9720,Refund
9721,Transfer
9722,Refund
9723,Transfer
9724,Refund
9725,Transfer
9726,Refund
9727,Transfer
9728,Refund
9729,Transfer
9730,Refund
9731,Transfer
9732,Refund
9733,Transfer
9734,Refund
9735,Transfer
9736,Refund
9737,Transfer
9738,Refund
9739,Transfer
9740,Refund
9741,Transfer
9742,Refund
9743,Transfer
9744,Refund
9745,Transfer
9746,Refund
9747,Transfer
9748,Refund
9749,Transfer
9750,Refund
9751,Transfer
9752,Refund
9753,Transfer
9754,Refund
9755,Transfer
9756,Refund
9757,Transfer
9758,Refund
9759,Transfer
9760,Refund
9761,Transfer
9762,Refund
9763,Transfer
9764,Refund
9765,Transfer
9766,Refund
9767,Transfer
9768,Refund
9769,Transfer
9770,Refund
9771,Transfer
9772,Refund
9773,Transfer
9774,Refund
9775,Transfer
9776,Refund
9777,Transfer
9778,Refund
9779,Transfer
9780,Refund
9781,Transfer
9782,Refund
9783,Transfer
9784,Refund
9785,Transfer
9786,Refund
9787,Transfer
9788,Refund
9789,Transfer
9790,Refund
9791,Transfer
9792,Refund
9793,Transfer
9794,Refund
9795,Transfer
9796,Refund
9797,Transfer
9798,Refund
9799,Transfer
9800,Refund
9801,Transfer
9802,Refund
9803,Transfer
9804,Refund
9805,Transfer
9806,Refund
9807,Transfer
9808,Refund
9809,Transfer
9810,Refund
9811,Transfer
9812,Refund
9813,Transfer
9814,Refund
9815,Transfer
9816,Refund
9817,Transfer
9818,Refund
9819,Transfer
9820,Refund
9821,Transfer
9822,Refund
9823,Transfer
9824,Refund
9825,Transfer
9826,Refund
9827,Transfer
9828,Refund
9829,Transfer
9830,Refund
9831,Transfer
9832,Refund
9833,Transfer
9834,Refund
9835,Transfer
9836,Refund
9837,Transfer
9838,Refund
9839,Transfer
9840,Refund
9841,Transfer
9842,Refund
9843,Transfer
9844,Refund
9845,Transfer
9846,Refund
9847,Transfer
9848,Refund
9849,Transfer
9850,Refund
9851,Transfer
9852,Refund
9853,Transfer
9854,Refund
9855,Transfer
9856,Refund
9857,Transfer
9858,Refund
9859,Transfer
9860,Refund
9861,Transfer
9862,Refund
9863,Transfer
9864,Refund
9865,Transfer
9866,Refund
9867,Transfer
9868,Refund
9869,Transfer
9870,Refund
9871,Transfer
9872,Refund
9873,Transfer
9874,Refund
9875,Transfer
9876,Refund
9877,Transfer
9878,Refund
9879,Transfer
9880,Refund
9881,Transfer
9882,Refund
9883,Transfer
9884,Refund
9885,Transfer
9886,Refund
9887,Transfer
9888,Refund
9889,Transfer
9890,Refund
9891,Transfer
9892,Refund
9893,Transfer
9894,Refund
9895,Transfer
9896,Refund
9897,Transfer
9898,Refund
9899,Transfer
9900,Refund
9901,Transfer
9902,Refund
9903,Transfer
9904,Refund
9905,Transfer
9906,Refund
9907,Transfer
9908,Refund
9909,Transfer
9910,Refund
9911,Transfer
9912,Refund
9913,Transfer
9914,Refund
9915,Transfer
9916,Refund
9917,Transfer
9918,Refund
9919,Transfer
9920,Refund
9921,Transfer
9922,Refund
9923,Transfer
9924,Refund
9925,Transfer
9926,Refund
9927,Transfer
9928,Refund
9929,Transfer
9930,Refund
9931,Transfer
9932,Refund
9933,Transfer
9934,Refund
9935,Transfer
9936,Refund
9937,Transfer
9938,Refund
9939,Transfer
9940,Refund
9941,Transfer
9942,Refund
9943,Transfer
9944,Refund
9945,Transfer
9946,Refund
9947,Transfer
9948,Refund
9949,Transfer
9950,Refund
9951,Transfer
9952,Refund
9953,Transfer
9954,Refund
9955,Transfer
9956,Refund
9957,Transfer
9958,Refund
9959,Transfer
9960,Refund
9961,Transfer
9962,Refund
9963,Transfer
9964,Refund
9965,Transfer
9966,Refund
9967,Transfer
9968,Refund
9969,Transfer
9970,Refund
9971,Transfer
9972,Refund
9973,Transfer
9974,Refund
9975,Transfer
9976,Refund
9977,Transfer
9978,Refund
9979,Transfer
9980,Refund
9981,Transfer
9982,Refund
9983,Transfer
9984,Refund
9985,Transfer
9986,Refund
9987,Transfer
9988,Refund
9989,Transfer
9990,Refund
9991,Transfer
9992,Refund
9993,Transfer
9994,Refund
9995,Transfer
9996,Refund
9997,Transfer
9998,Refund
9999,Transfer
10000,Refund
10001,Transfer
10002,Refund
10003,Transfer
10004,Refund
10005,Transfer
10006,Refund
10007,Transfer
10008,Refund
10009,Transfer
10010,Refund
10011,Transfer
10012,Refund
10013,Transfer
10014,Refund
10015,Transfer
10016,Refund
10017,Transfer
10018,Refund
10019,Transfer
10020,Refund
10021,Transfer
10022,Refund
10023,Transfer
10024,Refund
10025,Transfer
10026,Refund
10027,Transfer
10028,Refund
10029,Transfer
10030,Refund
10031,Transfer
10032,Refund
10033,Transfer
10034,Refund
10035,Transfer
10036,Refund
10037,Transfer
10038,Refund
10039,Transfer
10040,Refund
10041,Transfer
10042,Refund
10043,Transfer
10044,Refund
10045,Transfer
10046,Refund
10047,Transfer
10048,Refund
10049,Transfer
10050,Refund
10051,Transfer
10052,Refund
10053,Transfer
10054,Refund
10055,Transfer
10056,Refund
10057,Transfer
10058,Refund
10059,Transfer
10060,Refund
10061,Transfer
10062,Refund
10063,Transfer
10064,Refund
10065,Transfer
10066,Refund
10067,Transfer
10068,Refund
10069,Transfer
10070,Refund
10071,Transfer
10072,Refund
10073,Transfer
10074,Refund
10075,Transfer
10076,Refund
10077,Transfer
10078,Refund
10079,Transfer
10080,Refund
10081,Transfer
10082,Refund
10083,Transfer
10084,Refund
10085,Transfer
10086,Refund
10087,Transfer
10088,Refund
10089,Transfer
10090,Refund
10091,Transfer
10092,Refund
10093,Transfer
10094,Refund
10095,Transfer
10096,Refund
10097,Transfer
10098,Refund
10099,Transfer
10100,Refund
10101,Transfer
10102,Refund
10103,Transfer
10104,Refund
10105,Transfer
10106,Refund
10107,Transfer
10108,Refund
10109,Transfer
10110,Refund
10111,Transfer
10112,Refund
10113,Transfer
10114,Refund
10115,Transfer
10116,Refund
10117,Transfer
10118,Refund
10119,Transfer
10120,Refund
10121,Transfer
10122,Refund
10123,Transfer
10124,Refund
10125,Transfer
10126,Refund
10127,Transfer
10128,Refund
10129,Transfer
10130,Refund
10131,Transfer
10132,Refund
10133,Transfer
10134,Refund
10135,Transfer
10136,Refund
10137,Transfer
10138,Refund
10139,Transfer
10140,Refund
10141,Transfer
10142,Refund
10143,Transfer
10144,Refund
10145,Transfer
10146,Refund
10147,Transfer
10148,Refund
10149,Transfer
10150,Refund
10151,Transfer
10152,Refund
10153,Transfer
10154,Refund
10155,Transfer
10156,Refund
10157,Transfer
10158,Refund
10159,Transfer
10160,Refund
10161,Transfer
10162,Refund
10163,Transfer
10164,Refund
10165,Transfer
10166,Refund
10167,Transfer
10168,Refund
10169,Transfer
10170,Refund
10171,Transfer
10172,Refund
10173,Transfer
10174,Refund
10175,Transfer
10176,Refund
10177,Transfer
10178,Refund
10179,Transfer
10180,Refund
10181,Transfer
10182,Refund
10183,Transfer
10184,Refund
10185,Transfer
10186,Refund
10187,Transfer
10188,Refund
10189,Transfer
10190,Refund
10191,Transfer
10192,Refund
10193,Transfer
10194,Refund
10195,Transfer
10196,Refund
10197,Transfer
10198,Refund
10199,Transfer
10200,Refund
10201,Transfer
10202,Refund
10203,Transfer
10204,Refund
10205,Transfer
10206,Refund
10207,Transfer
10208,Refund
10209,Transfer
10210,Refund
10211,Transfer
10212,Refund
10213,Transfer
10214,Refund
10215,Transfer
10216,Refund
10217,Transfer
10218,Refund
10219,Transfer
10220,Refund
10221,Transfer
10222,Refund
10223,Transfer
10224,Refund
10225,Transfer
10226,Refund
10227,Transfer
10228,Refund
10229,Transfer
10230,Refund
10231,Transfer
10232,Refund
10233,Transfer
10234,Refund
10235,Transfer
10236,Refund
10237,Transfer
10238,Refund
10239,Transfer
10240,Refund
10241,Transfer
10242,Refund
10243,Transfer
10244,Refund
10245,Transfer
10246,Refund
10247,Transfer
10248,Refund
10249,Transfer
10250,Refund
10251,Transfer
10252,Refund
10253,Transfer
10254,Refund
10255,Transfer
10256,Refund
10257,Transfer
10258,Refund
10259,Transfer
10260,Refund
10261,Transfer
10262,Refund
10263,Transfer
10264,Refund
10265,Transfer
10266,Refund
10267,Transfer
10268,Refund
10269,Transfer
10270,Refund
10271,Transfer
10272,Refund
10273,Transfer
10274,Refund
10275,Transfer
10276,Refund
10277,Transfer
10278,Refund
10279,Transfer
10280,Refund
10281,Transfer
10282,Refund
10283,Transfer
10284,Refund
10285,Transfer
10286,Refund
10287,Transfer
10288,Refund
10289,Transfer
10290,Refund
10291,Transfer
10292,Refund
10293,Transfer
10294,Refund
10295,Transfer
10296,Refund
10297,Transfer
10298,Refund
10299,Transfer
10300,Refund
10301,Transfer
10302,Refund
10303,Transfer
10304,Refund
10305,Transfer
10306,Refund
10307,Transfer
10308,Refund
10309,Transfer
10310,Refund
10311,Transfer
10312,Refund
10313,Transfer
10314,Refund
10315,Transfer
10316,Refund
10317,Transfer
10318,Refund
10319,Transfer
10320,Refund
10321,Transfer
10322,Refund
10323,Transfer
10324,Refund
10325,Transfer
10326,Refund
10327,Transfer
10328,Refund
10329,Transfer
10330,Refund
10331,Transfer
10332,Refund
10333,Transfer
10334,Refund
10335,Transfer
10336,Refund
10337,Transfer
10338,Refund
10339,Transfer
10340,Refund
10341,Transfer
10342,Refund
10343,Transfer
10344,Refund
10345,Transfer
10346,Refund
10347,Transfer
10348,Refund
10349,Transfer
10350,Refund
10351,Transfer
10352,Refund
10353,Transfer
10354,Refund
10355,Transfer
10356,Refund
10357,Transfer
10358,Refund
10359,Transfer
10360,Refund
10361,Transfer
10362,Refund
10363,Transfer
10364,Refund
10365,Transfer
10366,Refund
10367,Transfer
10368,Refund
10369,Transfer
10370,Refund
10371,Transfer
10372,Refund
10373,Transfer
10374,Refund
10375,Transfer
10376,Refund
10377,Transfer
10378,Refund
10379,Transfer
10380,Refund
10381,Transfer
10382,Refund
10383,Transfer
10384,Refund
10385,Transfer
10386,Refund
10387,Transfer
10388,Refund
10389,Transfer
10390,Refund
10391,Transfer
10392,Refund
10393,Transfer
10394,Refund
10395,Transfer
10396,Refund
10397,Transfer
10398,Refund
10399,Transfer
10400,Refund
10401,Transfer
10402,Refund
10403,Transfer
10404,Refund
10405,Transfer
10406,Refund
10407,Transfer
10408,Refund
10409,Transfer
10410,Refund
10411,Transfer
10412,Refund
10413,Transfer
10414,Refund
10415,Transfer
10416,Refund
10417,Transfer
10418,Refund
10419,Transfer
10420,Refund
10421,Transfer
10422,Refund
10423,Transfer
10424,Refund
10425,Transfer
10426,Refund
10427,Transfer
10428,Refund
10429,Transfer
10430,Refund
10431,Transfer
10432,Refund
10433,Transfer
10434,Refund
10435,Transfer
10436,Refund
10437,Transfer
10438,Refund
10439,Transfer
10440,Refund
10441,Transfer
10442,Refund
10443,Transfer
10444,Refund
10445,Transfer
10446,Refund
10447,Transfer
10448,Refund
10449,Transfer
10450,Refund
10451,Transfer
10452,Refund
10453,Transfer
10454,Refund
10455,Transfer
10456,Refund
10457,Transfer
10458,Refund
10459,Transfer
10460,Refund
10461,Transfer
10462,Refund
10463,Transfer
10464,Refund
10465,Transfer
10466,Refund
10467,Transfer
10468,Refund
10469,Transfer
10470,Refund
10471,Transfer
10472,Refund
10473,Transfer
10474,Refund
10475,Transfer
10476,Refund
10477,Transfer
10478,Refund
10479,Transfer
10480,Refund
10481,Transfer
10482,Refund
10483,Transfer
10484,Refund
10485,Transfer
10486,Refund
10487,Transfer
10488,Refund
10489,Transfer
10490,Refund
10491,Transfer
10492,Refund
10493,Transfer
10494,Refund
10495,Transfer
10496,Refund
10497,Transfer
10498,Refund
10499,Transfer
10500,Refund
10501,Transfer
10502,Refund
10503,Transfer
10504,Refund
10505,Transfer
10506,Refund
10507,Transfer
10508,Refund
10509,Transfer
10510,Refund
10511,Transfer
10512,Refund
10513,Transfer
10514,Refund
10515,Transfer
10516,Refund
10517,Transfer
10518,Refund
10519,Transfer
10520,Refund
10521,Transfer
10522,Refund
10523,Transfer
10524,Refund
10525,Transfer
10526,Refund
10527,Transfer
10528,Refund
10529,Transfer
10530,Refund
10531,Transfer
10532,Refund
10533,Transfer
10534,Refund
10535,Transfer
10536,Refund
10537,Transfer
10538,Refund
10539,Transfer
10540,Refund
10541,Transfer
10542,Refund
10543,Transfer
10544,Refund
10545,Transfer
10546,Refund
10547,Transfer
10548,Refund
10549,Transfer
10550,Refund
10551,Transfer
10552,Refund
10553,Transfer
10554,Refund
10555,Transfer
10556,Refund
10557,Transfer
10558,Refund
10559,Transfer
10560,Refund
10561,Transfer
10562,Refund
10563,Transfer
10564,Refund
10565,Transfer
10566,Refund
10567,Transfer
10568,Refund
10569,Transfer
10570,Refund
10571,Transfer
10572,Refund
10573,Transfer
10574,Refund
10575,Transfer
10576,Refund
10577,Transfer
10578,Refund
10579,Transfer
10580,Refund
10581,Transfer
10582,Refund
10583,Transfer
10584,Refund
10585,Transfer
10586,Refund
10587,Transfer
10588,Refund
10589,Transfer
10590,Refund
10591,Transfer
10592,Refund
10593,Transfer
10594,Refund
10595,Transfer
10596,Refund
10597,Transfer
10598,Refund
10599,Transfer
10600,Refund
10601,Transfer
10602,Refund
10603,Transfer
10604,Refund
10605,Transfer
10606,Refund
10607,Transfer
10608,Refund
10609,Transfer
10610,Refund
10611,Transfer
10612,Refund
10613,Transfer
10614,Refund
10615,Transfer
10616,Refund
10617,Transfer
10618,Refund
10619,Transfer
10620,Refund
10621,Transfer
10622,Refund
10623,Transfer
10624,Refund
10625,Transfer
10626,Refund
10627,Transfer
10628,Refund
10629,Transfer
10630,Refund
10631,Transfer
10632,Refund
10633,Transfer
10634,Refund
10635,Transfer
10636,Refund
10637,Transfer
10638,Refund
10639,Transfer
10640,Refund
10641,Transfer
10642,Refund
10643,Transfer
10644,Refund
10645,Transfer
10646,Refund
10647,Transfer
10648,Refund
10649,Transfer
10650,Refund
10651,Transfer
10652,Refund
10653,Transfer
10654,Refund
10655,Transfer
10656,Refund
10657,Transfer
10658,Refund
10659,Transfer
10660,Refund
10661,Transfer
10662,Refund
10663,Transfer
10664,Refund
10665,Transfer
10666,Refund
10667,Transfer
10668,Refund
10669,Transfer
10670,Refund
10671,Transfer
10672,Refund
10673,Transfer
10674,Refund
10675,Transfer
10676,Refund
10677,Transfer
10678,Refund
10679,Transfer
10680,Refund
10681,Transfer
10682,Refund
10683,Transfer
10684,Refund
10685,Transfer
10686,Refund
10687,Transfer
10688,Refund
10689,Transfer
10690,Refund
10691,Transfer
10692,Refund
10693,Transfer
10694,Refund
10695,Transfer
10696,Refund
10697,Transfer
10698,Refund
10699,Transfer
10700,Refund
10701,Transfer
10702,Refund
10703,Transfer
10704,Refund
10705,Transfer
10706,Refund
10707,Transfer
10708,Refund
10709,Transfer
10710,Refund
10711,Transfer
10712,Refund
10713,Transfer
10714,Refund
10715,Transfer
10716,Refund
10717,Transfer
10718,Refund
10719,Transfer
10720,Refund
10721,Transfer
10722,Refund
10723,Transfer
10724,Refund
10725,Transfer
10726,Refund
10727,Transfer
10728,Refund
10729,Transfer
10730,Refund
10731,Transfer
10732,Refund
10733,Transfer
10734,Refund
10735,Transfer
10736,Refund
10737,Transfer
10738,Refund
10739,Transfer
10740,Refund
10741,Transfer
10742,Refund
10743,Transfer
10744,Refund
10745,Transfer
10746,Refund
10747,Transfer
10748,Refund
10749,Transfer
10750,Refund
10751,Transfer
10752,Refund
10753,Transfer
10754,Refund
10755,Transfer
10756,Refund
10757,Transfer
10758,Refund
10759,Transfer
10760,Refund
10761,Transfer
10762,Refund
10763,Transfer
10764,Refund
10765,Transfer
10766,Refund
10767,Transfer
10768,Refund
10769,Transfer
10770,Refund
10771,Transfer
10772,Refund
10773,Transfer
10774,Refund
10775,Transfer
10776,Refund
10777,Transfer
10778,Refund
10779,Transfer
10780,Refund
10781,Transfer
10782,Refund
10783,Transfer
10784,Refund
10785,Transfer
10786,Refund
10787,Transfer
10788,Refund
10789,Transfer
10790,Refund
10791,Transfer
10792,Refund
10793,Transfer
10794,Refund
10795,Transfer
10796,Refund
10797,Transfer
10798,Refund
10799,Transfer
10800,Refund
10801,Transfer
10802,Refund
10803,Transfer
10804,Refund
10805,Transfer
10806,Refund
10807,Transfer
10808,Refund
10809,Transfer
10810,Refund
10811,Transfer
10812,Refund
10813,Transfer
10814,Refund
10815,Transfer
10816,Refund
10817,Transfer
10818,Refund
10819,Transfer
10820,Refund
10821,Transfer
10822,Refund
10823,Transfer
10824,Refund
10825,Transfer
10826,Refund
10827,Transfer
10828,Refund
10829,Transfer
10830,Refund
10831,Transfer
10832,Refund
10833,Transfer
10834,Refund
10835,Transfer
10836,Refund
10837,Transfer
10838,Refund
10839,Transfer
10840,Refund
10841,Transfer
10842,Refund
10843,Transfer
10844,Refund
10845,Transfer
10846,Refund
10847,Transfer
10848,Refund
10849,Transfer
10850,Refund
10851,Transfer
10852,Refund
10853,Transfer
10854,Refund
10855,Transfer
10856,Refund
10857,Transfer
10858,Refund
10859,Transfer
10860,Refund
10861,Transfer
10862,Refund
10863,Transfer
10864,Refund
10865,Transfer
10866,Refund
10867,Transfer
10868,Refund
10869,Transfer
10870,Refund
10871,Transfer
10872,Refund
10873,Transfer
10874,Refund
10875,Transfer
10876,Refund
10877,Transfer
10878,Refund
10879,Transfer
10880,Refund
10881,Transfer
10882,Refund
10883,Transfer
10884,Refund
10885,Transfer
10886,Refund
10887,Transfer
10888,Refund
10889,Transfer
10890,Refund
10891,Transfer
10892,Refund
10893,Transfer
10894,Refund
10895,Transfer
10896,Refund
10897,Transfer
10898,Refund
10899,Transfer
10900,Refund
10901,Transfer
10902,Refund
10903,Transfer
10904,Refund
10905,Transfer
10906,Refund
10907,Transfer
10908,Refund
10909,Transfer
10910,Refund
10911,Transfer
10912,Refund
10913,Transfer
10914,Refund
10915,Transfer
10916,Refund
10917,Transfer
10918,Refund
10919,Transfer
10920,Refund
10921,Transfer
10922,Refund
10923,Transfer
10924,Refund
10925,Transfer
10926,Refund
10927,Transfer
10928,Refund
10929,Transfer
10930,Refund
10931,Transfer
10932,Refund
10933,Transfer
10934,Refund
10935,Transfer
10936,Refund
10937,Transfer
10938,Refund
10939,Transfer
10940,Refund
10941,Transfer
10942,Refund
10943,Transfer
10944,Refund
10945,Transfer
10946,Refund
10947,Transfer
10948,Refund
10949,Transfer
10950,Refund
10951,Transfer
10952,Refund
10953,Transfer
10954,Refund
10955,Transfer
10956,Refund
10957,Transfer
10958,Refund
10959,Transfer
10960,Refund
10961,Transfer
10962,Refund
10963,Transfer
10964,Refund
10965,Transfer
10966,Refund
10967,Transfer
10968,Refund
10969,Transfer
10970,Refund
10971,Transfer
10972,Refund
10973,Transfer
10974,Refund
10975,Transfer
10976,Refund
10977,Transfer
10978,Refund
10979,Transfer
10980,Refund
10981,Transfer
10982,Refund
10983,Transfer
10984,Refund
10985,Transfer
10986,Refund
10987,Transfer
10988,Refund
10989,Transfer
10990,Refund
10991,Transfer
10992,Refund
10993,Transfer
10994,Refund
10995,Transfer
10996,Refund
10997,Transfer
10998,Refund
10999,Transfer
11000,Refund
11001,Transfer
11002,Refund
11003,Transfer
11004,Refund
11005,Transfer
11006,Refund
11007,Transfer
11008,Refund
11009,Transfer
11010,Refund
11011,Transfer
11012,Refund
11013,Transfer
11014,Refund
11015,Transfer
11016,Refund
11017,Transfer
11018,Refund
11019,Transfer
11020,Refund
11021,Transfer
11022,Refund
11023,Transfer
11024,Refund
11025,Transfer
11026,Refund
11027,Transfer
11028,Refund
11029,Transfer
11030,Refund
11031,Transfer
11032,Refund
11033,Transfer
11034,Refund
11035,Transfer
11036,Refund
11037,Transfer
11038,Refund
11039,Transfer
11040,Refund
11041,Transfer
11042,Refund
11043,Transfer
11044,Refund
11045,Transfer
11046,Refund
11047,Transfer
11048,Refund
11049,Transfer
11050,Refund
11051,Transfer
11052,Refund
11053,Transfer
11054,Refund
11055,Transfer
11056,Refund
11057,Transfer
11058,Refund
11059,Transfer
11060,Refund
11061,Transfer
11062,Refund
11063,Transfer
11064,Refund
11065,Transfer
11066,Refund
11067,Transfer
11068,Refund
11069,Transfer
11070,Refund
11071,Transfer
11072,Refund
11073,Transfer
11074,Refund
11075,Transfer
11076,Refund
11077,Transfer
11078,Refund
11079,Transfer
11080,Refund
11081,Transfer
11082,Refund
11083,Transfer
11084,Refund
11085,Transfer
11086,Refund
11087,Transfer
11088,Refund
11089,Transfer
11090,Refund
11091,Transfer
11092,Refund
11093,Transfer
11094,Refund
11095,Transfer
11096,Refund
11097,Transfer
11098,Refund
11099,Transfer
11100,Refund
11101,Transfer
11102,Refund
11103,Transfer
11104,Refund
11105,Transfer
11106,Refund
11107,Transfer
11108,Refund
11109,Transfer
11110,Refund
11111,Transfer
11112,Refund
11113,Transfer
11114,Refund
11115,Transfer
11116,Refund
11117,Transfer
11118,Refund
11119,Transfer
11120,Refund
11121,Transfer
11122,Refund
11123,Transfer
11124,Refund
11125,Transfer
11126,Refund
11127,Transfer
11128,Refund
11129,Transfer
11130,Refund
11131,Transfer
11132,Refund
11133,Transfer
11134,Refund
11135,Transfer
11136,Refund
11137,Transfer
11138,Refund
11139,Transfer
11140,Refund
11141,Transfer
11142,Refund
11143,Transfer
11144,Refund
11145,Transfer
11146,Refund
11147,Transfer
11148,Refund
11149,Transfer
11150,Refund
11151,Transfer
11152,Refund
11153,Transfer
11154,Refund
11155,Transfer
11156,Refund
11157,Transfer
11158,Refund
11159,Transfer
11160,Refund
11161,Transfer
11162,Refund
11163,Transfer
11164,Refund
11165,Transfer
11166,Refund
11167,Transfer
11168,Refund
11169,Transfer
11170,Refund
11171,Transfer
11172,Refund
11173,Transfer
11174,Refund
11175,Transfer
11176,Refund
11177,Transfer
11178,Refund
11179,Transfer
11180,Refund
11181,Transfer
11182,Refund
11183,Transfer
11184,Refund
11185,Transfer
11186,Refund
11187,Transfer
11188,Refund
11189,Transfer
11190,Refund
11191,Transfer
11192,Refund
11193,Transfer
11194,Refund
11195,Transfer
11196,Refund
11197,Transfer
11198,Refund
11199,Transfer
11200,Refund
11201,Transfer
11202,Refund
11203,Transfer
11204,Refund
11205,Transfer
11206,Refund
11207,Transfer
11208,Refund
11209,Transfer
11210,Refund
11211,Transfer
11212,Refund
11213,Transfer
11214,Refund
11215,Transfer
11216,Refund
11217,Transfer
11218,Refund
11219,Transfer
11220,Refund
11221,Transfer
11222,Refund
11223,Transfer
11224,Refund
11225,Transfer
11226,Refund
11227,Transfer
11228,Refund
11229,Transfer
11230,Refund
11231,Transfer
11232,Refund
11233,Transfer
11234,Refund
11235,Transfer
11236,Refund
11237,Transfer
11238,Refund
11239,Transfer
11240,Refund
11241,Transfer
11242,Refund
11243,Transfer
11244,Refund
11245,Transfer
11246,Refund
11247,Transfer
11248,Refund
11249,Transfer
11250,Refund
11251,Transfer
11252,Refund
11253,Transfer
11254,Refund
11255,Transfer
11256,Refund
11257,Transfer
11258,Refund
11259,Transfer
11260,Refund
11261,Transfer
11262,Refund
11263,Transfer
11264,Refund
11265,Transfer
11266,Refund
11267,Transfer
11268,Refund
11269,Transfer
11270,Refund
11271,Transfer
11272,Refund
11273,Transfer
11274,Refund
11275,Transfer
11276,Refund
11277,Transfer
11278,Refund
11279,Transfer
11280,Refund
11281,Transfer
11282,Refund
11283,Transfer
11284,Refund
11285,Transfer
11286,Refund
11287,Transfer
11288,Refund
11289,Transfer
11290,Refund
11291,Transfer
11292,Refund
11293,Transfer
11294,Refund
11295,Transfer
11296,Refund
11297,Transfer
11298,Refund
11299,Transfer
11300,Refund
11301,Transfer
11302,Refund
11303,Transfer
11304,Refund
11305,Transfer
11306,Refund
11307,Transfer
11308,Refund
11309,Transfer
11310,Refund
11311,Transfer
11312,Refund
11313,Transfer
11314,Refund
11315,Transfer
11316,Refund
11317,Transfer
11318,Refund
11319,Transfer
11320,Refund
11321,Transfer
11322,Refund
11323,Transfer
11324,Refund
11325,Transfer
11326,Refund
11327,Transfer
11328,Refund
11329,Transfer
11330,Refund
11331,Transfer
11332,Refund
11333,Transfer
11334,Refund
11335,Transfer
11336,Refund
11337,Transfer
11338,Refund
11339,Transfer
11340,Refund
11341,Transfer
11342,Refund
11343,Transfer
11344,Refund
11345,Transfer
11346,Refund
11347,Transfer
11348,Refund
11349,Transfer
11350,Refund
11351,Transfer
11352,Refund
11353,Transfer
11354,Refund
11355,Transfer
11356,Refund
11357,Transfer
11358,Refund
11359,Transfer
11360,Refund
11361,Transfer
11362,Refund
11363,Transfer
11364,Refund
11365,Transfer
11366,Refund
11367,Transfer
11368,Refund
11369,Transfer
11370,Refund
11371,Transfer
11372,Refund
11373,Transfer
11374,Refund
11375,Transfer
11376,Refund
11377,Transfer
11378,Refund
11379,Transfer
11380,Refund
11381,Transfer
11382,Refund
11383,Transfer
11384,Refund
11385,Transfer
11386,Refund
11387,Transfer
11388,Refund
11389,Transfer
11390,Refund
11391,Transfer
11392,Refund
11393,Transfer
11394,Refund
11395,Transfer
11396,Refund
11397,Transfer
11398,Refund
11399,Transfer
11400,Refund
11401,Transfer
11402,Refund
11403,Transfer
11404,Refund
11405,Transfer
11406,Refund
11407,Transfer
11408,Refund
11409,Transfer
11410,Refund
11411,Transfer
11412,Refund
11413,Transfer
11414,Refund
11415,Transfer
11416,Refund
11417,Transfer
11418,Refund
11419,Transfer
11420,Refund
11421,Transfer
11422,Refund
11423,Transfer
11424,Refund
11425,Transfer
11426,Refund
11427,Transfer
11428,Refund
11429,Transfer
11430,Refund
11431,Transfer
11432,Refund
11433,Transfer
11434,Refund
11435,Transfer
11436,Refund
11437,Transfer
11438,Refund
11439,Transfer
11440,Refund
11441,Transfer
11442,Refund
11443,Transfer
11444,Refund
11445,Transfer
11446,Refund
11447,Transfer
11448,Refund
11449,Transfer
11450,Refund
11451,Transfer
11452,Refund
11453,Transfer
11454,Refund
11455,Transfer
11456,Refund
11457,Transfer
11458,Refund
11459,Transfer
11460,Refund
11461,Transfer
11462,Refund
11463,Transfer
11464,Refund
11465,Transfer
11466,Refund
11467,Transfer
11468,Refund
11469,Transfer
11470,Refund
11471,Transfer
11472,Refund
11473,Transfer
11474,Refund
11475,Transfer
11476,Refund
11477,Transfer
11478,Refund
11479,Transfer
11480,Refund
11481,Transfer
11482,Refund
11483,Transfer
11484,Refund
11485,Transfer
11486,Refund
11487,Transfer
11488,Refund
11489,Transfer
11490,Refund
11491,Transfer
11492,Refund
11493,Transfer
11494,Refund
11495,Transfer
11496,Refund
11497,Transfer
11498,Refund
11499,Transfer
11500,Refund
11501,Transfer
11502,Refund
11503,Transfer
11504,Refund
11505,Transfer
11506,Refund
11507,Transfer
11508,Refund
11509,Transfer
11510,Refund
11511,Transfer
11512,Refund
11513,Transfer
11514,Refund
11515,Transfer
11516,Refund
11517,Transfer
11518,Refund
11519,Transfer
11520,Refund
11521,Transfer
11522,Refund
11523,Transfer
11524,Refund
11525,Transfer
11526,Refund
11527,Transfer
11528,Refund
11529,Transfer
11530,Refund
11531,Transfer
11532,Refund
11533,Transfer
11534,Refund
11535,Transfer
11536,Refund
11537,Transfer
11538,Refund
11539,Transfer
11540,Refund
11541,Transfer
11542,Refund
11543,Transfer
11544,Refund
11545,Transfer
11546,Refund
11547,Transfer
11548,Refund
11549,Transfer
11550,Refund
11551,Transfer
11552,Refund
11553,Transfer
11554,Refund
11555,Transfer
11556,Refund
11557,Transfer
11558,Refund
11559,Transfer
11560,Refund
11561,Transfer
11562,Refund
11563,Transfer
11564,Refund
11565,Transfer
11566,Refund
11567,Transfer
11568,Refund
11569,Transfer
11570,Refund
11571,Transfer
11572,Refund
11573,Transfer
11574,Refund
11575,Transfer
11576,Refund
11577,Transfer
11578,Refund
11579,Transfer
11580,Refund
11581,Transfer
11582,Refund
11583,Transfer
11584,Refund
11585,Transfer
11586,Refund
11587,Transfer
11588,Refund
11589,Transfer
11590,Refund
11591,Transfer
11592,Refund
11593,Transfer
11594,Refund
11595,Transfer
11596,Refund
11597,Transfer
11598,Refund
11599,Transfer
11600,Refund
11601,Transfer
11602,Refund
11603,Transfer
11604,Refund
11605,Transfer
11606,Refund
11607,Transfer
11608,Refund
11609,Transfer
11610,Refund
11611,Transfer
11612,Refund
11613,Transfer
11614,Refund
11615,Transfer
11616,Refund
11617,Transfer
11618,Refund
11619,Transfer
11620,Refund
11621,Transfer
11622,Refund
11623,Transfer
11624,Refund
11625,Transfer
11626,Refund
11627,Transfer
11628,Refund
11629,Transfer
11630,Refund
11631,Transfer
11632,Refund
11633,Transfer
11634,Refund
11635,Transfer
11636,Refund
11637,Transfer
11638,Refund
11639,Transfer
11640,Refund
11641,Transfer
11642,Refund
11643,Transfer
11644,Refund
11645,Transfer
11646,Refund
11647,Transfer
11648,Refund
11649,Transfer
11650,Refund
11651,Transfer
11652,Refund
11653,Transfer
11654,Refund
11655,Transfer
11656,Refund
11657,Transfer
11658,Refund
11659,Transfer
11660,Refund
11661,Transfer
11662,Refund
11663,Transfer
11664,Refund
11665,Transfer
11666,Refund
11667,Transfer
11668,Refund
11669,Transfer
11670,Refund
11671,Transfer
11672,Refund
11673,Transfer
11674,Refund
11675,Transfer
11676,Refund
11677,Transfer
11678,Refund
11679,Transfer
11680,Refund
11681,Transfer
11682,Refund
11683,Transfer
11684,Refund
11685,Transfer
11686,Refund
11687,Transfer
11688,Refund
11689,Transfer
11690,Refund
11691,Transfer
11692,Refund
11693,Transfer
11694,Refund
11695,Transfer
11696,Refund
11697,Transfer
11698,Refund
11699,Transfer
11700,Refund
11701,Transfer
11702,Refund
11703,Transfer
11704,Refund
11705,Transfer
11706,Refund
11707,Transfer
11708,Refund
11709,Transfer
11710,Refund
11711,Transfer
11712,Refund
11713,Transfer
11714,Refund
11715,Transfer
11716,Refund
11717,Transfer
11718,Refund
11719,Transfer
11720,Refund
11721,Transfer
11722,Refund
11723,Transfer
11724,Refund
11725,Transfer
11726,Refund
11727,Transfer
11728,Refund
11729,Transfer
11730,Refund
11731,Transfer
11732,Refund
11733,Transfer
11734,Refund
11735,Transfer
11736,Refund
11737,Transfer
11738,Refund
11739,Transfer
11740,Refund
11741,Transfer
11742,Refund
11743,Transfer
11744,Refund
11745,Transfer
11746,Refund
11747,Transfer
11748,Refund
11749,Transfer
11750,Refund
11751,Transfer
11752,Refund
11753,Transfer
11754,Refund
11755,Transfer
11756,Refund
11757,Transfer
11758,Refund
11759,Transfer
11760,Refund
11761,Transfer
11762,Refund
11763,Transfer
11764,Refund
11765,Transfer
11766,Refund
11767,Transfer
11768,Refund
11769,Transfer
11770,Refund
11771,Transfer
11772,Refund
11773,Transfer
11774,Refund
11775,Transfer
11776,Refund
11777,Transfer
11778,Refund
11779,Transfer
11780,Refund
11781,Transfer
11782,Refund
11783,Transfer
11784,Refund
11785,Transfer
11786,Refund
11787,Transfer
11788,Refund
11789,Transfer
11790,Refund
11791,Transfer
11792,Refund
11793,Transfer
11794,Refund
11795,Transfer
11796,Refund
11797,Transfer
11798,Refund
11799,Transfer
11800,Refund
11801,Transfer
11802,Refund
11803,Transfer
11804,Refund
11805,Transfer
11806,Refund
11807,Transfer
11808,Refund
11809,Transfer
11810,Refund
11811,Transfer
11812,Refund
11813,Transfer
11814,Refund
11815,Transfer
11816,Refund
11817,Transfer
11818,Refund
11819,Transfer
11820,Refund
11821,Transfer
11822,Refund
11823,Transfer
11824,Refund
11825,Transfer
11826,Refund
11827,Transfer
11828,Refund
11829,Transfer
11830,Refund
11831,Transfer
11832,Refund
11833,Transfer
11834,Refund
11835,Transfer
11836,Refund
11837,Transfer
11838,Refund
11839,Transfer
11840,Refund
11841,Transfer
11842,Refund
11843,Transfer
11844,Refund
11845,Transfer
11846,Refund
11847,Transfer
11848,Refund
11849,Transfer
11850,Refund
11851,Transfer
11852,Refund
11853,Transfer
11854,Refund
11855,Transfer
11856,Refund
11857,Transfer
11858,Refund
11859,Transfer
11860,Refund
11861,Transfer
11862,Refund
11863,Transfer
11864,Refund
11865,Transfer
11866,Refund
11867,Transfer
11868,Refund
11869,Transfer
11870,Refund
11871,Transfer
11872,Refund
11873,Transfer
11874,Refund
11875,Transfer
11876,Refund
11877,Transfer
11878,Refund
11879,Transfer
11880,Refund
11881,Transfer
11882,Refund
11883,Transfer
11884,Refund
11885,Transfer
11886,Refund
11887,Transfer
11888,Refund
11889,Transfer
11890,Refund
11891,Transfer
11892,Refund
11893,Transfer
11894,Refund
11895,Transfer
11896,Refund
11897,Transfer
11898,Refund
11899,Transfer
11900,Refund
11901,Transfer
11902,Refund
11903,Transfer
11904,Refund
11905,Transfer
11906,Refund
11907,Transfer
11908,Refund
11909,Transfer
11910,Refund
11911,Transfer
11912,Refund
11913,Transfer
11914,Refund
11915,Transfer
11916,Refund
11917,Transfer
11918,Refund
11919,Transfer
11920,Refund
11921,Transfer
11922,Refund
11923,Transfer
11924,Refund
11925,Transfer
11926,Refund
11927,Transfer
11928,Refund
11929,Transfer
11930,Refund
11931,Transfer
11932,Refund
11933,Transfer
11934,Refund
11935,Transfer
11936,Refund
11937,Transfer
11938,Refund
11939,Transfer
11940,Refund
11941,Transfer
11942,Refund
11943,Transfer
11944,Refund
11945,Transfer
11946,Refund
11947,Transfer
11948,Refund
11949,Transfer
11950,Refund
11951,Transfer
11952,Refund
11953,Transfer
11954,Refund
11955,Transfer
11956,Refund
11957,Transfer
11958,Refund
11959,Transfer
11960,Refund
11961,Transfer
11962,Refund
11963,Transfer
11964,Refund
11965,Transfer
11966,Refund
11967,Transfer
11968,Refund
11969,Transfer
11970,Refund
11971,Transfer
11972,Refund
11973,Transfer
11974,Refund
11975,Transfer
11976,Refund
11977,Transfer
11978,Refund
11979,Transfer
11980,Refund
11981,Transfer
11982,Refund
11983,Transfer
11984,Refund
11985,Transfer
11986,Refund
11987,Transfer
11988,Refund
11989,Transfer
11990,Refund
11991,Transfer
11992,Refund
11993,Transfer
11994,Refund
11995,Transfer
11996,Refund
11997,Transfer
11998,Refund
11999,Transfer
12000,Refund
12001,Transfer
12002,Refund
12003,Transfer
12004,Refund
12005,Transfer
12006,Refund
12007,Transfer
12008,Refund
12009,Transfer
12010,Refund
12011,Transfer
12012,Refund
12013,Transfer
12014,Refund
12015,Transfer
12016,Refund
12017,Transfer
12018,Refund
12019,Transfer
12020,Refund
12021,Transfer
12022,Refund
12023,Transfer
12024,Refund
12025,Transfer
12026,Refund
12027,Transfer
12028,Refund
12029,Transfer
12030,Refund
12031,Transfer
12032,Refund
12033,Transfer
12034,Refund
12035,Transfer
12036,Refund
12037,Transfer
12038,Refund
12039,Transfer
12040,Refund
12041,Transfer
12042,Refund
12043,Transfer
12044,Refund
12045,Transfer
12046,Refund
12047,Transfer
12048,Refund
12049,Transfer
12050,Refund
12051,Transfer
12052,Refund
12053,Transfer
12054,Refund
12055,Transfer
12056,Refund
12057,Transfer
12058,Refund
12059,Transfer
12060,Refund
12061,Transfer
12062,Refund
12063,Transfer
12064,Refund
12065,Transfer
12066,Refund
12067,Transfer
12068,Refund
12069,Transfer
12070,Refund
12071,Transfer
12072,Refund
12073,Transfer
12074,Refund
12075,Transfer
12076,Refund
12077,Transfer
12078,Refund
12079,Transfer
12080,Refund
12081,Transfer
12082,Refund
12083,Transfer
12084,Refund
12085,Transfer
12086,Refund
12087,Transfer
12088,Refund
12089,Transfer
12090,Refund
12091,Transfer
12092,Refund
12093,Transfer
12094,Refund
12095,Transfer
12096,Refund
12097,Transfer
12098,Refund
12099,Transfer
12100,Refund
12101,Transfer
12102,Refund
12103,Transfer
12104,Refund
12105,Transfer
12106,Refund
12107,Transfer
12108,Refund
12109,Transfer
12110,Refund
12111,Transfer
12112,Refund
12113,Transfer
12114,Refund
12115,Transfer
12116,Refund
12117,Transfer
12118,Refund
12119,Transfer
12120,Refund
12121,Transfer
12122,Refund
12123,Transfer
12124,Refund
12125,Transfer
12126,Refund
12127,Transfer
12128,Refund
12129,Transfer
12130,Refund
12131,Transfer
12132,Refund
12133,Transfer
12134,Refund
12135,Transfer
12136,Refund
12137,Transfer
12138,Refund
12139,Transfer
12140,Refund
12141,Transfer
12142,Refund
12143,Transfer
12144,Refund
12145,Transfer
12146,Refund
12147,Transfer
12148,Refund
12149,Transfer
12150,Refund
12151,Transfer
12152,Refund
12153,Transfer
12154,Refund
12155,Transfer
12156,Refund
12157,Transfer
12158,Refund
12159,Transfer
12160,Refund
12161,Transfer
12162,Refund
12163,Transfer
12164,Refund
12165,Transfer
12166,Refund
12167,Transfer
12168,Refund
12169,Transfer
12170,Refund
12171,Transfer
12172,Refund
12173,Transfer
12174,Refund
12175,Transfer
12176,Refund
12177,Transfer
12178,Refund
12179,Transfer
12180,Refund
12181,Transfer
12182,Refund
12183,Transfer
12184,Refund
12185,Transfer
12186,Refund
12187,Transfer
12188,Refund
12189,Transfer
12190,Refund
12191,Transfer
12192,Refund
12193,Transfer
12194,Refund
12195,Transfer
12196,Refund
12197,Transfer
12198,Refund
12199,Transfer
12200,Refund
12201,Transfer
12202,Refund
12203,Transfer
12204,Refund
12205,Transfer
12206,Refund
12207,Transfer
12208,Refund
12209,Transfer
12210,Refund
12211,Transfer
12212,Refund
12213,Transfer
12214,Refund
12215,Transfer
12216,Refund
12217,Transfer
12218,Refund
12219,Transfer
12220,Refund
12221,Transfer
12222,Refund
12223,Transfer
12224,Refund
12225,Transfer
12226,Refund
12227,Transfer
12228,Refund
12229,Transfer
12230,Refund
12231,Transfer
12232,Refund
12233,Transfer
12234,Refund
12235,Transfer
12236,Refund
12237,Transfer
12238,Refund
12239,Transfer
12240,Refund
12241,Transfer
12242,Refund
12243,Transfer
12244,Refund
12245,Transfer
12246,Refund
12247,Transfer
12248,Refund
12249,Transfer
12250,Refund
12251,Transfer
12252,Refund
12253,Transfer
12254,Refund
12255,Transfer
12256,Refund
12257,Transfer
12258,Refund
12259,Transfer
12260,Refund
12261,Transfer
12262,Refund
12263,Transfer
12264,Refund
12265,Transfer
12266,Refund
12267,Transfer
12268,Refund
12269,Transfer
12270,Refund
12271,Transfer
12272,Refund
12273,Transfer
12274,Refund
12275,Transfer
12276,Refund
12277,Transfer
12278,Refund
12279,Transfer
12280,Refund
12281,Transfer
12282,Refund
12283,Transfer
12284,Refund
12285,Transfer
12286,Refund
12287,Transfer
12288,Refund
12289,Transfer
12290,Refund
12291,Transfer
12292,Refund
12293,Transfer
12294,Refund
12295,Transfer
12296,Refund
12297,Transfer
12298,Refund
12299,Transfer
12300,Refund
12301,Transfer
12302,Refund
12303,Transfer
12304,Refund
12305,Transfer
12306,Refund
12307,Transfer
12308,Refund
12309,Transfer
12310,Refund
12311,Transfer
12312,Refund
12313,Transfer
12314,Refund
12315,Transfer
12316,Refund
12317,Transfer
12318,Refund
12319,Transfer
12320,Refund
12321,Transfer
12322,Refund
12323,Transfer
12324,Refund
12325,Transfer
12326,Refund
12327,Transfer
12328,Refund
12329,Transfer
12330,Refund
12331,Transfer
12332,Refund
12333,Transfer
12334,Refund
12335,Transfer
12336,Refund
12337,Transfer
12338,Refund
12339,Transfer
12340,Refund
12341,Transfer
12342,Refund
12343,Transfer
12344,Refund
12345,Transfer
12346,Refund
12347,Transfer
12348,Refund
12349,Transfer
12350,Refund
12351,Transfer
12352,Refund
12353,Transfer
12354,Refund
12355,Transfer
12356,Refund
12357,Transfer
12358,Refund
12359,Transfer
12360,Refund
12361,Transfer
12362,Refund
12363,Transfer
12364,Refund
12365,Transfer
12366,Refund
12367,Transfer
12368,Refund
12369,Transfer
12370,Refund
12371,Transfer
12372,Refund
12373,Transfer
12374,Refund
12375,Transfer
12376,Refund
12377,Transfer
12378,Refund
12379,Transfer
12380,Refund
12381,Transfer
12382,Refund
12383,Transfer
12384,Refund
12385,Transfer
12386,Refund
12387,Transfer
12388,Refund
12389,Transfer
12390,Refund
12391,Transfer
12392,Refund
12393,Transfer
12394,Refund
12395,Transfer
12396,Refund
12397,Transfer
12398,Refund
12399,Transfer
12400,Refund
12401,Transfer
12402,Refund
12403,Transfer
12404,Refund
12405,Transfer
12406,Refund
12407,Transfer
12408,Refund
12409,Transfer
12410,Refund
12411,Transfer
12412,Refund
12413,Transfer
12414,Refund
12415,Transfer
12416,Refund
12417,Transfer
12418,Refund
12419,Transfer
12420,Refund
12421,Transfer
12422,Refund
12423,Transfer
12424,Refund
12425,Transfer
12426,Refund
12427,Transfer
12428,Refund
12429,Transfer
12430,Refund
12431,Transfer
12432,Refund
12433,Transfer
12434,Refund
12435,Transfer
12436,Refund
12437,Transfer
12438,Refund
12439,Transfer
12440,Refund
12441,Transfer
12442,Refund
12443,Transfer
12444,Refund
12445,Transfer
12446,Refund
12447,Transfer
12448,Refund
12449,Transfer
12450,Refund
12451,Transfer
12452,Refund
12453,Transfer
12454,Refund
12455,Transfer
12456,Refund
12457,Transfer
12458,Refund
12459,Transfer
12460,Refund
12461,Transfer
12462,Refund
12463,Transfer
12464,Refund
12465,Transfer
12466,Refund
12467,Transfer
12468,Refund
12469,Transfer
12470,Refund
12471,Transfer
12472,Refund
12473,Transfer
12474,Refund
12475,Transfer
12476,Refund
12477,Transfer
12478,Refund
12479,Transfer
12480,Refund
12481,Transfer
12482,Refund
12483,Transfer
12484,Refund
12485,Transfer
12486,Refund
12487,Transfer
12488,Refund
12489,Transfer
12490,Refund
12491,Transfer
12492,Refund
12493,Transfer
12494,Refund
12495,Transfer
12496,Refund
12497,Transfer
12498,Refund
12499,Transfer
12500,Refund
12501,Transfer
12502,Refund
12503,Transfer
12504,Refund
12505,Transfer
12506,Refund
12507,Transfer
12508,Refund
12509,Transfer
12510,Refund
12511,Transfer
12512,Refund
12513,Transfer
12514,Refund
12515,Transfer
12516,Refund
12517,Transfer
12518,Refund
12519,Transfer
12520,Refund
12521,Transfer
12522,Refund
12523,Transfer
12524,Refund
12525,Transfer
12526,Refund
12527,Transfer
12528,Refund
12529,Transfer
12530,Refund
12531,Transfer
12532,Refund
12533,Transfer
12534,Refund
12535,Transfer
12536,Refund
12537,Transfer
12538,Refund
12539,Transfer
12540,Refund
12541,Transfer
12542,Refund
12543,Transfer
12544,Refund
12545,Transfer
12546,Refund
12547,Transfer
12548,Refund
12549,Transfer
12550,Refund
12551,Transfer
12552,Refund
12553,Transfer
12554,Refund
12555,Transfer
12556,Refund
12557,Transfer
12558,Refund
12559,Transfer
12560,Refund
12561,Transfer
12562,Refund
12563,Transfer
12564,Refund
12565,Transfer
12566,Refund
12567,Transfer
12568,Refund
12569,Transfer
12570,Refund
12571,Transfer
12572,Refund
12573,Transfer
12574,Refund
12575,Transfer
12576,Refund
12577,Transfer
12578,Refund
12579,Transfer
12580,Refund
12581,Transfer
12582,Refund
12583,Transfer
12584,Refund
12585,Transfer
12586,Refund
12587,Transfer
12588,Refund
12589,Transfer
12590,Refund
12591,Transfer
12592,Refund
12593,Transfer
12594,Refund
12595,Transfer
12596,Refund
12597,Transfer
12598,Refund
12599,Transfer
12600,Refund
12601,Transfer
12602,Refund
12603,Transfer
12604,Refund
12605,Transfer
12606,Refund
12607,Transfer
12608,Refund
12609,Transfer
12610,Refund
12611,Transfer
12612,Refund
12613,Transfer
12614,Refund
12615,Transfer
12616,Refund
12617,Transfer
12618,Refund
12619,Transfer
12620,Refund
12621,Transfer
12622,Refund
12623,Transfer
12624,Refund
12625,Transfer
12626,Refund
12627,Transfer
12628,Refund
12629,Transfer
12630,Refund
12631,Transfer
12632,Refund
12633,Transfer
12634,Refund
12635,Transfer
12636,Refund
12637,Transfer
12638,Refund
12639,Transfer
12640,Refund
12641,Transfer
12642,Refund
12643,Transfer
12644,Refund
12645,Transfer
12646,Refund
12647,Transfer
12648,Refund
12649,Transfer
12650,Refund
12651,Transfer
12652,Refund
12653,Transfer
12654,Refund
12655,Transfer
12656,Refund
12657,Transfer
12658,Refund
12659,Transfer
12660,Refund
12661,Transfer
12662,Refund
12663,Transfer
12664,Refund
12665,Transfer
12666,Refund
12667,Transfer
12668,Refund
12669,Transfer
12670,Refund
12671,Transfer
12672,Refund
12673,Transfer
12674,Refund
12675,Transfer
12676,Refund
12677,Transfer
12678,Refund
12679,Transfer
12680,Refund
12681,Transfer
12682,Refund
12683,Transfer
12684,Refund
12685,Transfer
12686,Refund
12687,Transfer
12688,Refund
12689,Transfer
12690,Refund
12691,Transfer
12692,Refund
12693,Transfer
12694,Refund
12695,Transfer
12696,Refund
12697,Transfer
12698,Refund
12699,Transfer
12700,Refund
12701,Transfer
12702,Refund
12703,Transfer
12704,Refund
12705,Transfer
12706,Refund
12707,Transfer
12708,Refund
12709,Transfer
12710,Refund
12711,Transfer
12712,Refund
12713,Transfer
12714,Refund
12715,Transfer
12716,Refund
12717,Transfer
12718,Refund
12719,Transfer
12720,Refund
12721,Transfer
12722,Refund
12723,Transfer
12724,Refund
12725,Transfer
12726,Refund
12727,Transfer
12728,Refund
12729,Transfer
12730,Refund
12731,Transfer
12732,Refund
12733,Transfer
12734,Refund
12735,Transfer
12736,Refund
12737,Transfer
12738,Refund
12739,Transfer
12740,Refund
12741,Transfer
12742,Refund
12743,Transfer
12744,Refund
12745,Transfer
12746,Refund
12747,Transfer
12748,Refund
12749,Transfer
12750,Refund
12751,Transfer
12752,Refund
12753,Transfer
12754,Refund
12755,Transfer
12756,Refund
12757,Transfer
12758,Refund
12759,Transfer
12760,Refund
12761,Transfer
12762,Refund
12763,Transfer
12764,Refund
12765,Transfer
12766,Refund
12767,Transfer
12768,Refund
12769,Transfer
12770,Refund
12771,Transfer
12772,Refund
12773,Transfer
12774,Refund
12775,Transfer
12776,Refund
12777,Transfer
12778,Refund
12779,Transfer
12780,Refund
12781,Transfer
12782,Refund
12783,Transfer
12784,Refund
12785,Transfer
12786,Refund
12787,Transfer
12788,Refund
12789,Transfer
12790,Refund
12791,Transfer
12792,Refund
12793,Transfer
12794,Refund
12795,Transfer
12796,Refund
12797,Transfer
12798,Refund
12799,Transfer
12800,Refund
12801,Transfer
12802,Refund
12803,Transfer
12804,Refund
12805,Transfer
12806,Refund
12807,Transfer
12808,Refund
12809,Transfer
12810,Refund
12811,Transfer
12812,Refund
12813,Transfer
12814,Refund
12815,Transfer
12816,Refund
12817,Transfer
12818,Refund
12819,Transfer
12820,Refund
12821,Transfer
12822,Refund
12823,Transfer
12824,Refund
12825,Transfer
12826,Refund
12827,Transfer
12828,Refund
12829,Transfer
12830,Refund
12831,Transfer
12832,Refund
12833,Transfer
12834,Refund
12835,Transfer
12836,Refund
12837,Transfer
12838,Refund
12839,Transfer
12840,Refund
12841,Transfer
12842,Refund
12843,Transfer
12844,Refund
12845,Transfer
12846,Refund
12847,Transfer
12848,Refund
12849,Transfer
12850,Refund
12851,Transfer
12852,Refund
12853,Transfer
12854,Refund
12855,Transfer
12856,Refund
12857,Transfer
12858,Refund
12859,Transfer
12860,Refund
12861,Transfer
12862,Refund
12863,Transfer
12864,Refund
12865,Transfer
12866,Refund
12867,Transfer
12868,Refund
12869,Transfer
12870,Refund
12871,Transfer
12872,Refund
12873,Transfer
12874,Refund
12875,Transfer
12876,Refund
12877,Transfer
12878,Refund
12879,Transfer
12880,Refund
12881,Transfer
12882,Refund
12883,Transfer
12884,Refund
12885,Transfer
12886,Refund
12887,Transfer
12888,Refund
12889,Transfer
12890,Refund
12891,Transfer
12892,Refund
12893,Transfer
12894,Refund
12895,Transfer
12896,Refund
12897,Transfer
12898,Refund
12899,Transfer
12900,Refund
12901,Transfer
12902,Refund
12903,Transfer
12904,Refund
12905,Transfer
12906,Refund
12907,Transfer
12908,Refund
12909,Transfer
12910,Refund
12911,Transfer
12912,Refund
12913,Transfer
12914,Refund
12915,Transfer
12916,Refund
12917,Transfer
12918,Refund
12919,Transfer
12920,Refund
12921,Transfer
12922,Refund
12923,Transfer
12924,Refund
12925,Transfer
12926,Refund
12927,Transfer
12928,Refund
12929,Transfer
12930,Refund
12931,Transfer
12932,Refund
12933,Transfer
12934,Refund
12935,Transfer
12936,Refund
12937,Transfer
12938,Refund
12939,Transfer
12940,Refund
12941,Transfer
12942,Refund
12943,Transfer
12944,Refund
12945,Transfer
12946,Refund
12947,Transfer
12948,Refund
12949,Transfer
12950,Refund
12951,Transfer
12952,Refund
12953,Transfer
12954,Refund
12955,Transfer
12956,Refund
12957,Transfer
12958,Refund
12959,Transfer
12960,Refund
12961,Transfer
12962,Refund
12963,Transfer
12964,Refund
12965,Transfer
12966,Refund
12967,Transfer
12968,Refund
12969,Transfer
12970,Refund
12971,Transfer
12972,Refund
12973,Transfer
12974,Refund
12975,Transfer
12976,Refund
12977,Transfer
12978,Refund
12979,Transfer
12980,Refund
12981,Transfer
12982,Refund
12983,Transfer
12984,Refund
12985,Transfer
12986,Refund
12987,Transfer
12988,Refund
12989,Transfer
12990,Refund
12991,Transfer
12992,Refund
12993,Transfer
12994,Refund
12995,Transfer
12996,Refund
12997,Transfer
12998,Refund
12999,Transfer
13000,Refund
13001,Transfer
13002,Refund
13003,Transfer
13004,Refund
13005,Transfer
13006,Refund
13007,Transfer
13008,Refund
13009,Transfer
13010,Refund
13011,Transfer
13012,Refund
13013,Transfer
13014,Refund
13015,Transfer
13016,Refund
13017,Transfer
13018,Refund
13019,Transfer
13020,Refund
13021,Transfer
13022,Refund
13023,Transfer
13024,Refund
13025,Transfer
13026,Refund
13027,Transfer
13028,Refund
13029,Transfer
13030,Refund
13031,Transfer
13032,Refund
13033,Transfer
13034,Refund
13035,Transfer
13036,Refund
13037,Transfer
13038,Refund
13039,Transfer
13040,Refund
13041,Transfer
13042,Refund
13043,Transfer
13044,Refund
13045,Transfer
13046,Refund
13047,Transfer
13048,Refund
13049,Transfer
13050,Refund
13051,Transfer
13052,Refund
13053,Transfer
13054,Refund
13055,Transfer
13056,Refund
13057,Transfer
13058,Refund
13059,Transfer
13060,Refund
13061,Transfer
13062,Refund
13063,Transfer
13064,Refund
13065,Transfer
13066,Refund
13067,Transfer
13068,Refund
13069,Transfer
13070,Refund
13071,Transfer
13072,Refund
13073,Transfer
13074,Refund
13075,Transfer
13076,Refund
13077,Transfer
13078,Refund
13079,Transfer
13080,Refund
13081,Transfer
13082,Refund
13083,Transfer
13084,Refund
13085,Transfer
13086,Refund
13087,Transfer
13088,Refund
13089,Transfer
13090,Refund
13091,Transfer
13092,Refund
13093,Transfer
13094,Refund
13095,Transfer
13096,Refund
13097,Transfer
13098,Refund
13099,Transfer
13100,Refund
13101,Transfer
13102,Refund
13103,Transfer
13104,Refund
13105,Transfer
13106,Refund
13107,Transfer
13108,Refund
13109,Transfer
13110,Refund
13111,Transfer
13112,Refund
13113,Transfer
13114,Refund
13115,Transfer
13116,Refund
13117,Transfer
13118,Refund
13119,Transfer
13120,Refund
13121,Transfer
13122,Refund
13123,Transfer
13124,Refund
13125,Transfer
13126,Refund
13127,Transfer
13128,Refund
13129,Transfer
13130,Refund
13131,Transfer
13132,Refund
13133,Transfer
13134,Refund
13135,Transfer
13136,Refund
13137,Transfer
13138,Refund
13139,Transfer
13140,Refund
13141,Transfer
13142,Refund
13143,Transfer
13144,Refund
13145,Transfer
13146,Refund
13147,Transfer
13148,Refund
13149,Transfer
13150,Refund
13151,Transfer
13152,Refund
13153,Transfer
13154,Refund
13155,Transfer
13156,Refund
13157,Transfer
13158,Refund
13159,Transfer
13160,Refund
13161,Transfer
13162,Refund
13163,Transfer
13164,Refund
13165,Transfer
13166,Refund
13167,Transfer
13168,Refund
13169,Transfer
13170,Refund
13171,Transfer
13172,Refund
13173,Transfer
13174,Refund
13175,Transfer
13176,Refund
13177,Transfer
13178,Refund
13179,Transfer
13180,Refund
13181,Transfer
13182,Refund
13183,Transfer
13184,Refund
13185,Transfer
13186,Refund
13187,Transfer
13188,Refund
13189,Transfer
13190,Refund
13191,Transfer
13192,Refund
13193,Transfer
13194,Refund
13195,Transfer
13196,Refund
13197,Transfer
13198,Refund
13199,Transfer
13200,Refund
13201,Transfer
13202,Refund
13203,Transfer
13204,Refund
13205,Transfer
13206,Refund
13207,Transfer
13208,Refund
13209,Transfer
13210,Refund
13211,Transfer
13212,Refund
13213,Transfer
13214,Refund
13215,Transfer
13216,Refund
13217,Transfer
13218,Refund
13219,Transfer
13220,Refund
13221,Transfer
13222,Refund
13223,Transfer
13224,Refund
13225,Transfer
13226,Refund
13227,Transfer
13228,Refund
13229,Transfer
13230,Refund
13231,Transfer
13232,Refund
13233,Transfer
13234,Refund
13235,Transfer
13236,Refund
13237,Transfer
13238,Refund
13239,Transfer
13240,Refund
13241,Transfer
13242,Refund
13243,Transfer
13244,Refund
13245,Transfer
13246,Refund
13247,Transfer
13248,Refund
13249,Transfer
13250,Refund
13251,Transfer
13252,Refund
13253,Transfer
13254,Refund
13255,Transfer
13256,Refund
13257,Transfer
13258,Refund
13259,Transfer
13260,Refund
13261,Transfer
13262,Refund
13263,Transfer
13264,Refund
13265,Transfer
13266,Refund
13267,Transfer
13268,Refund
13269,Transfer
13270,Refund
13271,Transfer
13272,Refund
13273,Transfer
13274,Refund
13275,Transfer
13276,Refund
13277,Transfer
13278,Refund
13279,Transfer
13280,Refund
13281,Transfer
13282,Refund
13283,Transfer
13284,Refund
13285,Transfer
13286,Refund
13287,Transfer
13288,Refund
13289,Transfer
13290,Refund
13291,Transfer
13292,Refund
13293,Transfer
13294,Refund
13295,Transfer
13296,Refund
13297,Transfer
13298,Refund
13299,Transfer
13300,Refund
13301,Transfer
13302,Refund
13303,Transfer
13304,Refund
13305,Transfer
13306,Refund
13307,Transfer
13308,Refund
13309,Transfer
13310,Refund
13311,Transfer
13312,Refund
13313,Transfer
13314,Refund
13315,Transfer
13316,Refund
13317,Transfer
13318,Refund
13319,Transfer
13320,Refund
13321,Transfer
13322,Refund
13323,Transfer
13324,Refund
13325,Transfer
13326,Refund
13327,Transfer
13328,Refund
13329,Transfer
13330,Refund
13331,Transfer
13332,Refund
13333,Transfer
13334,Refund
13335,Transfer
13336,Refund
13337,Transfer
13338,Refund
13339,Transfer
13340,Refund
13341,Transfer
13342,Refund
13343,Transfer
13344,Refund
13345,Transfer
13346,Refund
13347,Transfer
13348,Refund
13349,Transfer
13350,Refund
13351,Transfer
13352,Refund
13353,Transfer
13354,Refund
13355,Transfer
13356,Refund
13357,Transfer
13358,Refund
13359,Transfer
13360,Refund
13361,Transfer
13362,Refund
13363,Transfer
13364,Refund
13365,Transfer
13366,Refund
13367,Transfer
13368,Refund
13369,Transfer
13370,Refund
13371,Transfer
13372,Refund
13373,Transfer
13374,Refund
13375,Transfer
13376,Refund
13377,Transfer
13378,Refund
13379,Transfer
13380,Refund
13381,Transfer
13382,Refund
13383,Transfer
13384,Refund
13385,Transfer
13386,Refund
13387,Transfer
13388,Refund
13389,Transfer
13390,Refund
13391,Transfer
13392,Refund
13393,Transfer
13394,Refund
13395,Transfer
13396,Refund
13397,Transfer
13398,Refund
13399,Transfer
13400,Refund
13401,Transfer
13402,Refund
13403,Transfer
13404,Refund
13405,Transfer
13406,Refund
13407,Transfer
13408,Refund
13409,Transfer
13410,Refund
13411,Transfer
13412,Refund
13413,Transfer
13414,Refund
13415,Transfer
13416,Refund
13417,Transfer
13418,Refund
13419,Transfer
13420,Refund
13421,Transfer
13422,Refund
13423,Transfer
13424,Refund
13425,Transfer
13426,Refund
13427,Transfer
13428,Refund
13429,Transfer
13430,Refund
13431,Transfer
13432,Refund
13433,Transfer
13434,Refund
13435,Transfer
13436,Refund
13437,Transfer
13438,Refund
13439,Transfer
13440,Refund
13441,Transfer
13442,Refund
13443,Transfer
13444,Refund
13445,Transfer
13446,Refund
13447,Transfer
13448,Refund
13449,Transfer
13450,Refund
13451,Transfer
13452,Refund
13453,Transfer
13454,Refund
13455,Transfer
13456,Refund
13457,Transfer
13458,Refund
13459,Transfer
13460,Refund
13461,Transfer
13462,Refund
13463,Transfer
13464,Refund
13465,Transfer
13466,Refund
13467,Transfer
13468,Refund
13469,Transfer
13470,Refund
13471,Transfer
13472,Refund
13473,Transfer
13474,Refund
13475,Transfer
13476,Refund
13477,Transfer
13478,Refund
13479,Transfer
13480,Refund
13481,Transfer
13482,Refund
13483,Transfer
13484,Refund
13485,Transfer
13486,Refund
13487,Transfer
13488,Refund
13489,Transfer
13490,Refund
13491,Transfer
13492,Refund
13493,Transfer
13494,Refund
13495,Transfer
13496,Refund
13497,Transfer
13498,Refund
13499,Transfer
13500,Refund
13501,Transfer
13502,Refund
13503,Transfer
13504,Refund
13505,Transfer
13506,Refund
13507,Transfer
13508,Refund
13509,Transfer
13510,Refund
13511,Transfer
13512,Refund
13513,Transfer
13514,Refund
13515,Transfer
13516,Refund
13517,Transfer
13518,Refund
13519,Transfer
13520,Refund
13521,Transfer
13522,Refund
13523,Transfer
13524,Refund
13525,Transfer
13526,Refund
13527,Transfer
13528,Refund
13529,Transfer
13530,Refund
13531,Transfer
13532,Refund
13533,Transfer
13534,Refund
13535,Transfer
13536,Refund
13537,Transfer
13538,Refund
13539,Transfer
13540,Refund
13541,Transfer
13542,Refund
13543,Transfer
13544,Refund
13545,Transfer
13546,Refund
13547,Transfer
13548,Refund
13549,Transfer
13550,Refund
13551,Transfer
13552,Refund
13553,Transfer
13554,Refund
13555,Transfer
13556,Refund
13557,Transfer
13558,Refund
13559,Transfer
13560,Refund
13561,Transfer
13562,Refund
13563,Transfer
13564,Refund
13565,Transfer
13566,Refund
13567,Transfer
13568,Refund
13569,Transfer
13570,Refund
13571,Transfer
13572,Refund
13573,Transfer
13574,Refund
13575,Transfer
13576,Refund
13577,Transfer
13578,Refund
13579,Transfer
13580,Refund
13581,Transfer
13582,Refund
13583,Transfer
13584,Refund
13585,Transfer
13586,Refund
13587,Transfer
13588,Refund
13589,Transfer
13590,Refund
13591,Transfer
13592,Refund
13593,Transfer
13594,Refund
13595,Transfer
13596,Refund
13597,Transfer
13598,Refund
13599,Transfer
13600,Refund
13601,Transfer
13602,Refund
13603,Transfer
13604,Refund
13605,Transfer
13606,Refund
13607,Transfer
13608,Refund
13609,Transfer
13610,Refund
13611,Transfer
13612,Refund
13613,Transfer
13614,Refund
13615,Transfer
13616,Refund
13617,Transfer
13618,Refund
13619,Transfer
13620,Refund
13621,Transfer
13622,Refund
13623,Transfer
13624,Refund
13625,Transfer
13626,Refund
13627,Transfer
13628,Refund
13629,Transfer
13630,Refund
13631,Transfer
13632,Refund
13633,Transfer
13634,Refund
13635,Transfer
13636,Refund
13637,Transfer
13638,Refund
13639,Transfer
13640,Refund
13641,Transfer
13642,Refund
13643,Transfer
13644,Refund
13645,Transfer
13646,Refund
13647,Transfer
13648,Refund
13649,Transfer
13650,Refund
13651,Transfer
13652,Refund
13653,Transfer
13654,Refund
13655,Transfer
13656,Refund
13657,Transfer
13658,Refund
13659,Transfer
13660,Refund
13661,Transfer
13662,Refund
13663,Transfer
13664,Refund
13665,Transfer
13666,Refund
13667,Transfer
13668,Refund
13669,Transfer
13670,Refund
13671,Transfer
13672,Refund
13673,Transfer
13674,Refund
13675,Transfer
13676,Refund
13677,Transfer
13678,Refund
13679,Transfer
13680,Refund
13681,Transfer
13682,Refund
13683,Transfer
13684,Refund
13685,Transfer
13686,Refund
13687,Transfer
13688,Refund
13689,Transfer
13690,Refund
13691,Transfer
13692,Refund
13693,Transfer
13694,Refund
13695,Transfer
13696,Refund
13697,Transfer
13698,Refund
13699,Transfer
13700,Refund
13701,Transfer
13702,Refund
13703,Transfer
13704,Refund
13705,Transfer
13706,Refund
13707,Transfer
13708,Refund
13709,Transfer
13710,Refund
13711,Transfer
13712,Refund
13713,Transfer
13714,Refund
13715,Transfer
13716,Refund
13717,Transfer
13718,Refund
13719,Transfer
13720,Refund
13721,Transfer
13722,Refund
13723,Transfer
13724,Refund
13725,Transfer
13726,Refund
13727,Transfer
13728,Refund
13729,Transfer
13730,Refund
13731,Transfer
13732,Refund
13733,Transfer
13734,Refund
13735,Transfer
13736,Refund
13737,Transfer
13738,Refund
13739,Transfer
13740,Refund
13741,Transfer
13742,Refund
13743,Transfer
13744,Refund
13745,Transfer
13746,Refund
13747,Transfer
13748,Refund
13749,Transfer
13750,Refund
13751,Transfer
13752,Refund
13753,Transfer
13754,Refund
13755,Transfer
13756,Refund
13757,Transfer
13758,Refund
13759,Transfer
13760,Refund
13761,Transfer
13762,Refund
13763,Transfer
13764,Refund
13765,Transfer
13766,Refund
13767,Transfer
13768,Refund
13769,Transfer
13770,Refund
13771,Transfer
13772,Refund
13773,Transfer
13774,Refund
13775,Transfer
13776,Refund
13777,Transfer
13778,Refund
13779,Transfer
13780,Refund
13781,Transfer
13782,Refund
13783,Transfer
13784,Refund
13785,Transfer
13786,Refund
13787,Transfer
13788,Refund
13789,Transfer
13790,Refund
13791,Transfer
13792,Refund
13793,Transfer
13794,Refund
13795,Transfer
13796,Refund
13797,Transfer
13798,Refund
13799,Transfer
13800,Refund
13801,Transfer
13802,Refund
13803,Transfer
13804,Refund
13805,Transfer
13806,Refund
13807,Transfer
13808,Refund
13809,Transfer
13810,Refund
13811,Transfer
13812,Refund
13813,Transfer
13814,Refund
13815,Transfer
13816,Refund
13817,Transfer
13818,Refund
13819,Transfer
13820,Refund
13821,Transfer
13822,Refund
13823,Transfer
13824,Refund
13825,Transfer
13826,Refund
13827,Transfer
13828,Refund
13829,Transfer
13830,Refund
13831,Transfer
13832,Refund
13833,Transfer
13834,Refund
13835,Transfer
13836,Refund
13837,Transfer
13838,Refund
13839,Transfer
13840,Refund
13841,Transfer
13842,Refund
13843,Transfer
13844,Refund
13845,Transfer
13846,Refund
13847,Transfer
13848,Refund
13849,Transfer
13850,Refund
13851,Transfer
13852,Refund
13853,Transfer
13854,Refund
13855,Transfer
13856,Refund
13857,Transfer
13858,Refund
13859,Transfer
13860,Refund
13861,Transfer
13862,Refund
13863,Transfer
13864,Refund
13865,Transfer
13866,Refund
13867,Transfer
13868,Refund
13869,Transfer
13870,Refund
13871,Transfer
13872,Refund
13873,Transfer
13874,Refund
13875,Transfer
13876,Refund
13877,Transfer
13878,Refund
13879,Transfer
13880,Refund
13881,Transfer
13882,Refund
13883,Transfer
13884,Refund
13885,Transfer
13886,Refund
13887,Transfer
13888,Refund
13889,Transfer
13890,Refund
13891,Transfer
13892,Refund
13893,Transfer
13894,Refund
13895,Transfer
13896,Refund
13897,Transfer
13898,Refund
13899,Transfer
13900,Refund
13901,Transfer
13902,Refund
13903,Transfer
13904,Refund
13905,Transfer
13906,Refund
13907,Transfer
13908,Refund
13909,Transfer
13910,Refund
13911,Transfer
13912,Refund
13913,Transfer
13914,Refund
13915,Transfer
13916,Refund
13917,Transfer
13918,Refund
13919,Transfer
13920,Refund
13921,Transfer
13922,Refund
13923,Transfer
13924,Refund
13925,Transfer
13926,Refund
13927,Transfer
13928,Refund
13929,Transfer
13930,Refund
13931,Transfer
13932,Refund
13933,Transfer
13934,Refund
13935,Transfer
13936,Refund
13937,Transfer
13938,Refund
13939,Transfer
13940,Refund
13941,Transfer
13942,Refund
13943,Transfer
13944,Refund
13945,Transfer
13946,Refund
13947,Transfer
13948,Refund
13949,Transfer
13950,Refund
13951,Transfer
13952,Refund
13953,Transfer
13954,Refund
13955,Transfer
13956,Refund
13957,Transfer
13958,Refund
13959,Transfer
13960,Refund
13961,Transfer
13962,Refund
13963,Transfer
13964,Refund
13965,Transfer
13966,Refund
13967,Transfer
13968,Refund
13969,Transfer
13970,Refund
13971,Transfer
13972,Refund
13973,Transfer
13974,Refund
13975,Transfer
13976,Refund
13977,Transfer
13978,Refund
13979,Transfer
13980,Refund
13981,Transfer
13982,Refund
13983,Transfer
13984,Refund
13985,Transfer
13986,Refund
13987,Transfer
13988,Refund
13989,Transfer
13990,Refund
13991,Transfer
13992,Refund
13993,Transfer
13994,Refund
13995,Transfer
13996,Refund
13997,Transfer
13998,Refund
13999,Transfer
14000,Refund
14001,Transfer
14002,Refund
14003,Transfer
14004,Refund
14005,Transfer
14006,Refund
14007,Transfer
14008,Refund
14009,Transfer
14010,Refund
14011,Transfer
14012,Refund
14013,Transfer
14014,Refund
14015,Transfer
14016,Refund
14017,Transfer
14018,Refund
14019,Transfer
14020,Refund
14021,Transfer
14022,Refund
14023,Transfer
14024,Refund
14025,Transfer
14026,Refund
14027,Transfer
14028,Refund
14029,Transfer
14030,Refund
14031,Transfer
14032,Refund
14033,Transfer
14034,Refund
14035,Transfer
14036,Refund
14037,Transfer
14038,Refund
14039,Transfer
14040,Refund
14041,Transfer
14042,Refund
14043,Transfer
14044,Refund
14045,Transfer
14046,Refund
14047,Transfer
14048,Refund
14049,Transfer
14050,Refund
14051,Transfer
14052,Refund
14053,Transfer
14054,Refund
14055,Transfer
14056,Refund
14057,Transfer
14058,Refund
14059,Transfer
14060,Refund
14061,Transfer
14062,Refund
14063,Transfer
14064,Refund
14065,Transfer
14066,Refund
14067,Transfer
14068,Refund
14069,Transfer
14070,Refund
14071,Transfer
14072,Refund
14073,Transfer
14074,Refund
14075,Transfer
14076,Refund
14077,Transfer
14078,Refund
14079,Transfer
14080,Refund
14081,Transfer
14082,Refund
14083,Transfer
14084,Refund
14085,Transfer
14086,Refund
14087,Transfer
14088,Refund
14089,Transfer
14090,Refund
14091,Transfer
14092,Refund
14093,Transfer
14094,Refund
14095,Transfer
14096,Refund
14097,Transfer
14098,Refund
14099,Transfer
14100,Refund
14101,Transfer
14102,Refund
14103,Transfer
14104,Refund
14105,Transfer
14106,Refund
14107,Transfer
14108,Refund
14109,Transfer
14110,Refund
14111,Transfer
14112,Refund
14113,Transfer
14114,Refund
14115,Transfer
14116,Refund
14117,Transfer
14118,Refund
14119,Transfer
14120,Refund
14121,Transfer
14122,Refund
14123,Transfer
14124,Refund
14125,Transfer
14126,Refund
14127,Transfer
14128,Refund
14129,Transfer
14130,Refund
14131,Transfer
14132,Refund
14133,Transfer
14134,Refund
14135,Transfer
14136,Refund
14137,Transfer
14138,Refund
14139,Transfer
14140,Refund
14141,Transfer
14142,Refund
14143,Transfer
14144,Refund
14145,Transfer
14146,Refund
14147,Transfer
14148,Refund
14149,Transfer
14150,Refund
14151,Transfer
14152,Refund
14153,Transfer
14154,Refund
14155,Transfer
14156,Refund
14157,Transfer
14158,Refund
14159,Transfer
14160,Refund
14161,Transfer
14162,Refund
14163,Transfer
14164,Refund
14165,Transfer
14166,Refund
14167,Transfer
14168,Refund
14169,Transfer
14170,Refund
14171,Transfer
14172,Refund
14173,Transfer
14174,Refund
14175,Transfer
14176,Refund
14177,Transfer
14178,Refund
14179,Transfer
14180,Refund
14181,Transfer
14182,Refund
14183,Transfer
14184,Refund
14185,Transfer
14186,Refund
14187,Transfer
14188,Refund
14189,Transfer
14190,Refund
14191,Transfer
14192,Refund
14193,Transfer
14194,Refund
14195,Transfer
14196,Refund
14197,Transfer
14198,Refund
14199,Transfer
14200,Refund
14201,Transfer
14202,Refund
14203,Transfer
14204,Refund
14205,Transfer
14206,Refund
14207,Transfer
14208,Refund
14209,Transfer
14210,Refund
14211,Transfer
14212,Refund
14213,Transfer
14214,Refund
14215,Transfer
14216,Refund
14217,Transfer
14218,Refund
14219,Transfer
14220,Refund
14221,Transfer
14222,Refund
14223,Transfer
14224,Refund
14225,Transfer
14226,Refund
14227,Transfer
14228,Refund
14229,Transfer
14230,Refund
14231,Transfer
14232,Refund
14233,Transfer
14234,Refund
14235,Transfer
14236,Refund
14237,Transfer
14238,Refund
14239,Transfer
14240,Refund
14241,Transfer
14242,Refund
14243,Transfer
14244,Refund
14245,Transfer
14246,Refund
14247,Transfer
14248,Refund
14249,Transfer
14250,Refund
14251,Transfer
14252,Refund
14253,Transfer
14254,Refund
14255,Transfer
14256,Refund
14257,Transfer
14258,Refund
14259,Transfer
14260,Refund
14261,Transfer
14262,Refund
14263,Transfer
14264,Refund
14265,Transfer
14266,Refund
14267,Transfer
14268,Refund
14269,Transfer
14270,Refund
14271,Transfer
14272,Refund
14273,Transfer
14274,Refund
14275,Transfer
14276,Refund
14277,Transfer
14278,Refund
14279,Transfer
14280,Refund
14281,Transfer
14282,Refund
14283,Transfer
14284,Refund
14285,Transfer
14286,Refund
14287,Transfer
14288,Refund
14289,Transfer
14290,Refund
14291,Transfer
14292,Refund
14293,Transfer
14294,Refund
14295,Transfer
14296,Refund
14297,Transfer
14298,Refund
14299,Transfer
14300,Refund
14301,Transfer
14302,Refund
14303,Transfer
14304,Refund
14305,Transfer
14306,Refund
14307,Transfer
14308,Refund
14309,Transfer
14310,Refund
14311,Transfer
14312,Refund
14313,Transfer
14314,Refund
14315,Transfer
14316,Refund
14317,Transfer
14318,Refund
14319,Transfer
14320,Refund
14321,Transfer
14322,Refund
14323,Transfer
14324,Refund
14325,Transfer
14326,Refund
14327,Transfer
14328,Refund
14329,Transfer
14330,Refund
14331,Transfer
14332,Refund
14333,Transfer
14334,Refund
14335,Transfer
14336,Refund
14337,Transfer
14338,Refund
14339,Transfer
14340,Refund
14341,Transfer
14342,Refund
14343,Transfer
14344,Refund
14345,Transfer
14346,Refund
14347,Transfer
14348,Refund
14349,Transfer
14350,Refund
14351,Transfer
14352,Refund
14353,Transfer
14354,Refund
14355,Transfer
14356,Refund
14357,Transfer
14358,Refund
14359,Transfer
14360,Refund
14361,Transfer
14362,Refund
14363,Transfer
14364,Refund
14365,Transfer
14366,Refund
14367,Transfer
14368,Refund
14369,Transfer
14370,Refund
14371,Transfer
14372,Refund
14373,Transfer
14374,Refund
14375,Transfer
14376,Refund
14377,Transfer
14378,Refund
14379,Transfer
14380,Refund
14381,Transfer
14382,Refund
14383,Transfer
14384,Refund
14385,Transfer
14386,Refund
14387,Transfer
14388,Refund
14389,Transfer
14390,Refund
14391,Transfer
14392,Refund
14393,Transfer
14394,Refund
14395,Transfer
14396,Refund
14397,Transfer
14398,Refund
14399,Transfer
14400,Refund
14401,Transfer
14402,Refund
14403,Transfer
14404,Refund
14405,Transfer
14406,Refund
14407,Transfer
14408,Refund
14409,Transfer
14410,Refund
14411,Transfer
14412,Refund
14413,Transfer
14414,Refund
14415,Transfer
14416,Refund
14417,Transfer
14418,Refund
14419,Transfer
14420,Refund
14421,Transfer
14422,Refund
14423,Transfer
14424,Refund
14425,Transfer
14426,Refund
14427,Transfer
14428,Refund
14429,Transfer
14430,Refund
14431,Transfer
14432,Refund
14433,Transfer
14434,Refund
14435,Transfer
14436,Refund
14437,Transfer
14438,Refund
14439,Transfer
14440,Refund
14441,Transfer
14442,Refund
14443,Transfer
14444,Refund
14445,Transfer
14446,Refund
14447,Transfer
14448,Refund
14449,Transfer
14450,Refund
14451,Transfer
14452,Refund
14453,Transfer
14454,Refund
14455,Transfer
14456,Refund
14457,Transfer
14458,Refund
14459,Transfer
14460,Refund
14461,Transfer
14462,Refund
14463,Transfer
14464,Refund
14465,Transfer
14466,Refund
14467,Transfer
14468,Refund
14469,Transfer
14470,Refund
14471,Transfer
14472,Refund
14473,Transfer
14474,Refund
14475,Transfer
14476,Refund
14477,Transfer
14478,Refund
14479,Transfer
14480,Refund
14481,Transfer
14482,Refund
14483,Transfer
14484,Refund
14485,Transfer
14486,Refund
14487,Transfer
14488,Refund
14489,Transfer
14490,Refund
14491,Transfer
14492,Refund
14493,Transfer
14494,Refund
14495,Transfer
14496,Refund
14497,Transfer
14498,Refund
14499,Transfer
14500,Refund
14501,Transfer
14502,Refund
14503,Transfer
14504,Refund
14505,Transfer
14506,Refund
14507,Transfer
14508,Refund
14509,Transfer
14510,Refund
14511,Transfer
14512,Refund
14513,Transfer
14514,Refund
14515,Transfer
14516,Refund
14517,Transfer
14518,Refund
14519,Transfer
14520,Refund
14521,Transfer
14522,Refund
14523,Transfer
14524,Refund
14525,Transfer
14526,Refund
14527,Transfer
14528,Refund
14529,Transfer
14530,Refund
14531,Transfer
14532,Refund
14533,Transfer
14534,Refund
14535,Transfer
14536,Refund
14537,Transfer
14538,Refund
14539,Transfer
14540,Refund
14541,Transfer
14542,Refund
14543,Transfer
14544,Refund
14545,Transfer
14546,Refund
14547,Transfer
14548,Refund
14549,Transfer
14550,Refund
14551,Transfer
14552,Refund
14553,Transfer
14554,Refund
14555,Transfer
14556,Refund
14557,Transfer
14558,Refund
14559,Transfer
14560,Refund
14561,Transfer
14562,Refund
14563,Transfer
14564,Refund
14565,Transfer
14566,Refund
14567,Transfer
14568,Refund
14569,Transfer
14570,Refund
14571,Transfer
14572,Refund
14573,Transfer
14574,Refund
14575,Transfer
14576,Refund
14577,Transfer
14578,Refund
14579,Transfer
14580,Refund
14581,Transfer
14582,Refund
14583,Transfer
14584,Refund
14585,Transfer
14586,Refund
14587,Transfer
14588,Refund
14589,Transfer
14590,Refund
14591,Transfer
14592,Refund
14593,Transfer
14594,Refund
14595,Transfer
14596,Refund
14597,Transfer
14598,Refund
14599,Transfer
14600,Refund
14601,Transfer
14602,Refund
14603,Transfer
14604,Refund
14605,Transfer
14606,Refund
14607,Transfer
14608,Refund
14609,Transfer
14610,Refund
14611,Transfer
14612,Refund
14613,Transfer
14614,Refund
14615,Transfer
14616,Refund
14617,Transfer
14618,Refund
14619,Transfer
14620,Refund
14621,Transfer
14622,Refund
14623,Transfer
14624,Refund
14625,Transfer
14626,Refund
14627,Transfer
14628,Refund
14629,Transfer
14630,Refund
14631,Transfer
14632,Refund
14633,Transfer
14634,Refund
14635,Transfer
14636,Refund
14637,Transfer
14638,Refund
14639,Transfer
14640,Refund
14641,Transfer
14642,Refund
14643,Transfer
14644,Refund
14645,Transfer
14646,Refund
14647,Transfer
14648,Refund
14649,Transfer
14650,Refund
14651,Transfer
14652,Refund
14653,Transfer
14654,Refund
14655,Transfer
14656,Refund
14657,Transfer
14658,Refund
14659,Transfer
14660,Refund
14661,Transfer
14662,Refund
14663,Transfer
14664,Refund
14665,Transfer
14666,Refund
14667,Transfer
14668,Refund
14669,Transfer
14670,Refund
14671,Transfer
14672,Refund
14673,Transfer
14674,Refund
14675,Transfer
14676,Refund
14677,Transfer
14678,Refund
14679,Transfer
14680,Refund
14681,Transfer
14682,Refund
14683,Transfer
14684,Refund
14685,Transfer
14686,Refund
14687,Transfer
14688,Refund
14689,Transfer
14690,Refund
14691,Transfer
14692,Refund
14693,Transfer
14694,Refund
14695,Transfer
14696,Refund
14697,Transfer
14698,Refund
14699,Transfer
14700,Refund
14701,Transfer
14702,Refund
14703,Transfer
14704,Refund
14705,Transfer
14706,Refund
14707,Transfer
14708,Refund
14709,Transfer
14710,Refund
14711,Transfer
14712,Refund
14713,Transfer
14714,Refund
14715,Transfer
14716,Refund
14717,Transfer
14718,Refund
14719,Transfer
14720,Refund
14721,Transfer
14722,Refund
14723,Transfer
14724,Refund
14725,Transfer
14726,Refund
14727,Transfer
14728,Refund
14729,Transfer
14730,Refund
14731,Transfer
14732,Refund
14733,Transfer
14734,Refund
14735,Transfer
14736,Refund
14737,Transfer
14738,Refund
14739,Transfer
14740,Refund
14741,Transfer
14742,Refund
14743,Transfer
14744,Refund
14745,Transfer
14746,Refund
14747,Transfer
14748,Refund
14749,Transfer
14750,Refund
14751,Transfer
14752,Refund
14753,Transfer
14754,Refund
14755,Transfer
14756,Refund
14757,Transfer
14758,Refund
14759,Transfer
14760,Refund
14761,Transfer
14762,Refund
14763,Transfer
14764,Refund
14765,Transfer
14766,Refund
14767,Transfer
14768,Refund
14769,Transfer
14770,Refund
14771,Transfer
14772,Refund
14773,Transfer
14774,Refund
14775,Transfer
14776,Refund
14777,Transfer
14778,Refund
14779,Transfer
14780,Refund
14781,Transfer
14782,Refund
14783,Transfer
14784,Refund
14785,Transfer
14786,Refund
14787,Transfer
14788,Refund
14789,Transfer
14790,Refund
14791,Transfer
14792,Refund
14793,Transfer
14794,Refund
14795,Transfer
14796,Refund
14797,Transfer
14798,Refund
14799,Transfer
14800,Refund
14801,Transfer
14802,Refund
14803,Transfer
14804,Refund
14805,Transfer
14806,Refund
14807,Transfer
14808,Refund
14809,Transfer
14810,Refund
14811,Transfer
14812,Refund
14813,Transfer
14814,Refund
14815,Transfer
14816,Refund
14817,Transfer
14818,Refund
14819,Transfer
14820,Refund
14821,Transfer
14822,Refund
14823,Transfer
14824,Refund
14825,Transfer
14826,Refund
14827,Transfer
14828,Refund
14829,Transfer
14830,Refund
14831,Transfer
14832,Refund
14833,Transfer
14834,Refund
14835,Transfer
14836,Refund
14837,Transfer
14838,Refund
14839,Transfer
14840,Refund
14841,Transfer
14842,Refund
14843,Transfer
14844,Refund
14845,Transfer
14846,Refund
14847,Transfer
14848,Refund
14849,Transfer
14850,Refund
14851,Transfer
14852,Refund
14853,Transfer
14854,Refund
14855,Transfer
14856,Refund
14857,Transfer
14858,Refund
14859,Transfer
14860,Refund
14861,Transfer
14862,Refund
14863,Transfer
14864,Refund
14865,Transfer
14866,Refund
14867,Transfer
14868,Refund
14869,Transfer
14870,Refund
14871,Transfer
14872,Refund
14873,Transfer
14874,Refund
14875,Transfer
14876,Refund
14877,Transfer
14878,Refund
14879,Transfer
14880,Refund
14881,Transfer
14882,Refund
14883,Transfer
14884,Refund
14885,Transfer
14886,Refund
14887,Transfer
14888,Refund
14889,Transfer
14890,Refund
14891,Transfer
14892,Refund
14893,Transfer
14894,Refund
14895,Transfer
14896,Refund
14897,Transfer
14898,Refund
14899,Transfer
14900,Refund
14901,Transfer
14902,Refund
14903,Transfer
14904,Refund
14905,Transfer
14906,Refund
14907,Transfer
14908,Refund
14909,Transfer
14910,Refund
14911,Transfer
14912,Refund
14913,Transfer
14914,Refund
14915,Transfer
14916,Refund
14917,Transfer
14918,Refund
14919,Transfer
14920,Refund
14921,Transfer
14922,Refund
14923,Transfer
14924,Refund
14925,Transfer
14926,Refund
14927,Transfer
14928,Refund
14929,Transfer
14930,Refund
14931,Transfer
14932,Refund
14933,Transfer
14934,Refund
14935,Transfer
14936,Refund
14937,Transfer
14938,Refund
14939,Transfer
14940,Refund
14941,Transfer
14942,Refund
14943,Transfer
14944,Refund
14945,Transfer
14946,Refund
14947,Transfer
14948,Refund
14949,Transfer
14950,Refund
14951,Transfer
14952,Refund
14953,Transfer
14954,Refund
14955,Transfer
14956,Refund
14957,Transfer
14958,Refund
14959,Transfer
14960,Refund
14961,Transfer
14962,Refund
14963,Transfer
14964,Refund
14965,Transfer
14966,Refund
14967,Transfer
14968,Refund
14969,Transfer
14970,Refund
14971,Transfer
14972,Refund
14973,Transfer
14974,Refund
14975,Transfer
14976,Refund
14977,Transfer
14978,Refund
14979,Transfer
14980,Refund
14981,Transfer
14982,Refund
14983,Transfer
14984,Refund
14985,Transfer
14986,Refund
14987,Transfer
14988,Refund
14989,Transfer
14990,Refund
14991,Transfer
14992,Refund
14993,Transfer
14994,Refund
14995,Transfer
14996,Refund
14997,Transfer
14998,Refund
14999,Transfer
15000,Refund
15001,Transfer
15002,Refund
15003,Transfer
15004,Refund
15005,Transfer
15006,Refund
15007,Transfer
15008,Refund
15009,Transfer
15010,Refund
15011,Transfer
15012,Refund
15013,Transfer
15014,Refund
15015,Transfer
15016,Refund
15017,Transfer
15018,Refund
15019,Transfer
15020,Refund
15021,Transfer
15022,Refund
15023,Transfer
15024,Refund
15025,Transfer
15026,Refund
15027,Transfer
15028,Refund
15029,Transfer
15030,Refund
15031,Transfer
15032,Refund
15033,Transfer
15034,Refund
15035,Transfer
15036,Refund
15037,Transfer
15038,Refund
15039,Transfer
15040,Refund
15041,Transfer
15042,Refund
15043,Transfer
15044,Refund
15045,Transfer
15046,Refund
15047,Transfer
15048,Refund
15049,Transfer
15050,Refund
15051,Transfer
15052,Refund
15053,Transfer
15054,Refund
15055,Transfer
15056,Refund
15057,Transfer
15058,Refund
15059,Transfer
15060,Refund
15061,Transfer
15062,Refund
15063,Transfer
15064,Refund
15065,Transfer
15066,Refund
15067,Transfer
15068,Refund
15069,Transfer
15070,Refund
15071,Transfer
15072,Refund
15073,Transfer
15074,Refund
15075,Transfer
15076,Refund
15077,Transfer
15078,Refund
15079,Transfer
15080,Refund
15081,Transfer
15082,Refund
15083,Transfer
15084,Refund
15085,Transfer
15086,Refund
15087,Transfer
15088,Refund
15089,Transfer
15090,Refund
15091,Transfer
15092,Refund
15093,Transfer
15094,Refund
15095,Transfer
15096,Refund
15097,Transfer
15098,Refund
15099,Transfer
15100,Refund
15101,Transfer
15102,Refund
15103,Transfer
15104,Refund
15105,Transfer
15106,Refund
15107,Transfer
15108,Refund
15109,Transfer
15110,Refund
15111,Transfer
15112,Refund
15113,Transfer
15114,Refund
15115,Transfer
15116,Refund
15117,Transfer
15118,Refund
15119,Transfer
15120,Refund
15121,Transfer
15122,Refund
15123,Transfer
15124,Refund
15125,Transfer
15126,Refund
15127,Transfer
15128,Refund
15129,Transfer
15130,Refund
15131,Transfer
15132,Refund
15133,Transfer
15134,Refund
15135,Transfer
15136,Refund
15137,Transfer
15138,Refund
15139,Transfer
15140,Refund
15141,Transfer
15142,Refund
15143,Transfer
15144,Refund
15145,Transfer
15146,Refund
15147,Transfer
15148,Refund
15149,Transfer
15150,Refund
15151,Transfer
15152,Refund
15153,Transfer
15154,Refund
15155,Transfer
15156,Refund
15157,Transfer
15158,Refund
15159,Transfer
15160,Refund
15161,Transfer
15162,Refund
15163,Transfer
15164,Refund
15165,Transfer
15166,Refund
15167,Transfer
15168,Refund
15169,Transfer
15170,Refund
15171,Transfer
15172,Refund
15173,Transfer
15174,Refund
15175,Transfer
15176,Refund
15177,Transfer
15178,Refund
15179,Transfer
15180,Refund
15181,Transfer
15182,Refund
15183,Transfer
15184,Refund
15185,Transfer
15186,Refund
15187,Transfer
15188,Refund
15189,Transfer
15190,Refund
15191,Transfer
15192,Refund
15193,Transfer
15194,Refund
15195,Transfer
15196,Refund
15197,Transfer
15198,Refund
15199,Transfer
15200,Refund
15201,Transfer
15202,Refund
15203,Transfer
15204,Refund
15205,Transfer
15206,Refund
15207,Transfer
15208,Refund
15209,Transfer
15210,Refund
15211,Transfer
15212,Refund
15213,Transfer
15214,Refund
15215,Transfer
15216,Refund
15217,Transfer
15218,Refund
15219,Transfer
15220,Refund
15221,Transfer
15222,Refund
15223,Transfer
15224,Refund
15225,Transfer
15226,Refund
15227,Transfer
15228,Refund
15229,Transfer
15230,Refund
15231,Transfer
15232,Refund
15233,Transfer
15234,Refund
15235,Transfer
15236,Refund
15237,Transfer
15238,Refund
15239,Transfer
15240,Refund
15241,Transfer
15242,Refund
15243,Transfer
15244,Refund
15245,Transfer
15246,Refund
15247,Transfer
15248,Refund
15249,Transfer
15250,Refund
15251,Transfer
15252,Refund
15253,Transfer
15254,Refund
15255,Transfer
15256,Refund
15257,Transfer
15258,Refund
15259,Transfer
15260,Refund
15261,Transfer
15262,Refund
15263,Transfer
15264,Refund
15265,Transfer
15266,Refund
15267,Transfer
15268,Refund
15269,Transfer
15270,Refund
15271,Transfer
15272,Refund
15273,Transfer
15274,Refund
15275,Transfer
15276,Refund
15277,Transfer
15278,Refund
15279,Transfer
15280,Refund
15281,Transfer
15282,Refund
15283,Transfer
15284,Refund
15285,Transfer
15286,Refund
15287,Transfer
15288,Refund
15289,Transfer
15290,Refund
15291,Transfer
15292,Refund
15293,Transfer
15294,Refund
15295,Transfer
15296,Refund
15297,Transfer
15298,Refund
15299,Transfer
15300,Refund
15301,Transfer
15302,Refund
15303,Transfer
15304,Refund
15305,Transfer
15306,Refund
15307,Transfer
15308,Refund
15309,Transfer
15310,Refund
15311,Transfer
15312,Refund
15313,Transfer
15314,Refund
15315,Transfer
15316,Refund
15317,Transfer
15318,Refund
15319,Transfer
15320,Refund
15321,Transfer
15322,Refund
15323,Transfer
15324,Refund
15325,Transfer
15326,Refund
15327,Transfer
15328,Refund
15329,Transfer
15330,Refund
15331,Transfer
15332,Refund
15333,Transfer
15334,Refund
15335,Transfer
15336,Refund
15337,Transfer
15338,Refund
15339,Transfer
15340,Refund
15341,Transfer
15342,Refund
15343,Transfer
15344,Refund
15345,Transfer
15346,Refund
15347,Transfer
15348,Refund
15349,Transfer
15350,Refund
15351,Transfer
15352,Refund
15353,Transfer
15354,Refund
15355,Transfer
15356,Refund
15357,Transfer
15358,Refund
15359,Transfer
15360,Refund
15361,Transfer
15362,Refund
15363,Transfer
15364,Refund
15365,Transfer
15366,Refund
15367,Transfer
15368,Refund
15369,Transfer
15370,Refund
15371,Transfer
15372,Refund
15373,Transfer
15374,Refund
15375,Transfer
15376,Refund
15377,Transfer
15378,Refund
15379,Transfer
15380,Refund
15381,Transfer
15382,Refund
15383,Transfer
15384,Refund
15385,Transfer
15386,Refund
15387,Transfer
15388,Refund
15389,Transfer
15390,Refund
15391,Transfer
15392,Refund
15393,Transfer
15394,Refund
15395,Transfer
15396,Refund
15397,Transfer
15398,Refund
15399,Transfer
15400,Refund
15401,Transfer
15402,Refund
15403,Transfer
15404,Refund
15405,Transfer
15406,Refund
15407,Transfer
15408,Refund
15409,Transfer
15410,Refund
15411,Transfer
15412,Refund
15413,Transfer
15414,Refund
15415,Transfer
15416,Refund
15417,Transfer
15418,Refund
15419,Transfer
15420,Refund
15421,Transfer
15422,Refund
15423,Transfer
15424,Refund
15425,Transfer
15426,Refund
15427,Transfer
15428,Refund
15429,Transfer
15430,Refund
15431,Transfer
15432,Refund
15433,Transfer
15434,Refund
15435,Transfer
15436,Refund
15437,Transfer
15438,Refund
15439,Transfer
15440,Refund
15441,Transfer
15442,Refund
15443,Transfer
15444,Refund
15445,Transfer
15446,Refund
15447,Transfer
15448,Refund
15449,Transfer
15450,Refund
15451,Transfer
15452,Refund
15453,Transfer
15454,Refund
15455,Transfer
15456,Refund
15457,Transfer
15458,Refund
15459,Transfer
15460,Refund
15461,Transfer
15462,Refund
15463,Transfer
15464,Refund
15465,Transfer
15466,Refund
15467,Transfer
15468,Refund
15469,Transfer
15470,Refund
15471,Transfer
15472,Refund
15473,Transfer
15474,Refund
15475,Transfer
15476,Refund
15477,Transfer
15478,Refund
15479,Transfer
15480,Refund
15481,Transfer
15482,Refund
15483,Transfer
15484,Refund
15485,Transfer
15486,Refund
15487,Transfer
15488,Refund
15489,Transfer
15490,Refund
15491,Transfer
15492,Refund
15493,Transfer
15494,Refund
15495,Transfer
15496,Refund
15497,Transfer
15498,Refund
15499,Transfer
15500,Refund
15501,Transfer
15502,Refund
15503,Transfer
15504,Refund
15505,Transfer
15506,Refund
15507,Transfer
15508,Refund
15509,Transfer
15510,Refund
15511,Transfer
15512,Refund
15513,Transfer
15514,Refund
15515,Transfer
15516,Refund
15517,Transfer
15518,Refund
15519,Transfer
15520,Refund
15521,Transfer
15522,Refund
15523,Transfer
15524,Refund
15525,Transfer
15526,Refund
15527,Transfer
15528,Refund
15529,Transfer
15530,Refund
15531,Transfer
15532,Refund
15533,Transfer
15534,Refund
15535,Transfer
15536,Refund
15537,Transfer
15538,Refund
15539,Transfer
15540,Refund
15541,Transfer
15542,Refund
15543,Transfer
15544,Refund
15545,Transfer
15546,Refund
15547,Transfer
15548,Refund
15549,Transfer
15550,Refund
15551,Transfer
15552,Refund
15553,Transfer
15554,Refund
15555,Transfer
15556,Refund
15557,Transfer
15558,Refund
15559,Transfer
15560,Refund
15561,Transfer
15562,Refund
15563,Transfer
15564,Refund
15565,Transfer
15566,Refund
15567,Transfer
15568,Refund
15569,Transfer
15570,Refund
15571,Transfer
15572,Refund
15573,Transfer
15574,Refund
15575,Transfer
15576,Refund
15577,Transfer
15578,Refund
15579,Transfer
15580,Refund
15581,Transfer
15582,Refund
15583,Transfer
15584,Refund
15585,Transfer
15586,Refund
15587,Transfer
15588,Refund
15589,Transfer
15590,Refund
15591,Transfer
15592,Refund
15593,Transfer
15594,Refund
15595,Transfer
15596,Refund
15597,Transfer
15598,Refund
15599,Transfer
15600,Refund
15601,Transfer
15602,Refund
15603,Transfer
15604,Refund
15605,Transfer
15606,Refund
15607,Transfer
15608,Refund
15609,Transfer
15610,Refund
15611,Transfer
15612,Refund
15613,Transfer
15614,Refund
15615,Transfer
15616,Refund
15617,Transfer
15618,Refund
15619,Transfer
15620,Refund
15621,Transfer
15622,Refund
15623,Transfer
15624,Refund
15625,Transfer
15626,Refund
15627,Transfer
15628,Refund
15629,Transfer
15630,Refund
15631,Transfer
15632,Refund
15633,Transfer
15634,Refund
15635,Transfer
15636,Refund
15637,Transfer
15638,Refund
15639,Transfer
15640,Refund
15641,Transfer
15642,Refund
15643,Transfer
15644,Refund
15645,Transfer
15646,Refund
15647,Transfer
15648,Refund
15649,Transfer
15650,Refund
15651,Transfer
15652,Refund
15653,Transfer
15654,Refund
15655,Transfer
15656,Refund
15657,Transfer
15658,Refund
15659,Transfer
15660,Refund
15661,Transfer
15662,Refund
15663,Transfer
15664,Refund
15665,Transfer
15666,Refund
15667,Transfer
15668,Refund
15669,Transfer
15670,Refund
15671,Transfer
15672,Refund
15673,Transfer
15674,Refund
15675,Transfer
15676,Refund
15677,Transfer
15678,Refund
15679,Transfer
15680,Refund
15681,Transfer
15682,Refund
15683,Transfer
15684,Refund
15685,Transfer
15686,Refund
15687,Transfer
15688,Refund
15689,Transfer
15690,Refund
15691,Transfer
15692,Refund
15693,Transfer
15694,Refund
15695,Transfer
15696,Refund
15697,Transfer
15698,Refund
15699,Transfer
15700,Refund
15701,Transfer
15702,Refund
15703,Transfer
15704,Refund
15705,Transfer
15706,Refund
15707,Transfer
15708,Refund
15709,Transfer
15710,Refund
15711,Transfer
15712,Refund
15713,Transfer
15714,Refund
15715,Transfer
15716,Refund
15717,Transfer
15718,Refund
15719,Transfer
15720,Refund
15721,Transfer
15722,Refund
15723,Transfer
15724,Refund
15725,Transfer
15726,Refund
15727,Transfer
15728,Refund
15729,Transfer
15730,Refund
15731,Transfer
15732,Refund
15733,Transfer
15734,Refund
15735,Transfer
15736,Refund
15737,Transfer
15738,Refund
15739,Transfer
15740,Refund
15741,Transfer
15742,Refund
15743,Transfer
15744,Refund
15745,Transfer
15746,Refund
15747,Transfer
15748,Refund
15749,Transfer
15750,Refund
15751,Transfer
15752,Refund
15753,Transfer
15754,Refund
15755,Transfer
15756,Refund
15757,Transfer
15758,Refund
15759,Transfer
15760,Refund
15761,Transfer
15762,Refund
15763,Transfer
15764,Refund
15765,Transfer
15766,Refund
15767,Transfer
15768,Refund
15769,Transfer
15770,Refund
15771,Transfer
15772,Refund
15773,Transfer
15774,Refund
15775,Transfer
15776,Refund
15777,Transfer
15778,Refund
15779,Transfer
15780,Refund
15781,Transfer
15782,Refund
15783,Transfer
15784,Refund
15785,Transfer
15786,Refund
15787,Transfer
15788,Refund
15789,Transfer
15790,Refund
15791,Transfer
15792,Refund
15793,Transfer
15794,Refund
15795,Transfer
15796,Refund
15797,Transfer
15798,Refund
15799,Transfer
15800,Refund
15801,Transfer
15802,Refund
15803,Transfer
15804,Refund
15805,Transfer
15806,Refund
15807,Transfer
15808,Refund
15809,Transfer
15810,Refund
15811,Transfer
15812,Refund
15813,Transfer
15814,Refund
15815,Transfer
15816,Refund
15817,Transfer
15818,Refund
15819,Transfer
15820,Refund
15821,Transfer
15822,Refund
15823,Transfer
15824,Refund
15825,Transfer
15826,Refund
15827,Transfer
15828,Refund
15829,Transfer
15830,Refund
15831,Transfer
15832,Refund
15833,Transfer
15834,Refund
15835,Transfer
15836,Refund
15837,Transfer
15838,Refund
15839,Transfer
15840,Refund
15841,Transfer
15842,Refund
15843,Transfer
15844,Refund
15845,Transfer
15846,Refund
15847,Transfer
15848,Refund
15849,Transfer
15850,Refund
15851,Transfer
15852,Refund
15853,Transfer
15854,Refund
15855,Transfer
15856,Refund
15857,Transfer
15858,Refund
15859,Transfer
15860,Refund
15861,Transfer
15862,Refund
15863,Transfer
15864,Refund
15865,Transfer
15866,Refund
15867,Transfer
15868,Refund
15869,Transfer
15870,Refund
15871,Transfer
15872,Refund
15873,Transfer
15874,Refund
15875,Transfer
15876,Refund
15877,Transfer
15878,Refund
15879,Transfer
15880,Refund
15881,Transfer
15882,Refund
15883,Transfer
15884,Refund
15885,Transfer
15886,Refund
15887,Transfer
15888,Refund
15889,Transfer
15890,Refund
15891,Transfer
15892,Refund
15893,Transfer
15894,Refund
15895,Transfer
15896,Refund
15897,Transfer
15898,Refund
15899,Transfer
15900,Refund
15901,Transfer
15902,Refund
15903,Transfer
15904,Refund
15905,Transfer
15906,Refund
15907,Transfer
15908,Refund
15909,Transfer
15910,Refund
15911,Transfer
15912,Refund
15913,Transfer
15914,Refund
15915,Transfer
15916,Refund
15917,Transfer
15918,Refund
15919,Transfer
15920,Refund
15921,Transfer
15922,Refund
15923,Transfer
15924,Refund
15925,Transfer
15926,Refund
15927,Transfer
15928,Refund
15929,Transfer
15930,Refund
15931,Transfer
15932,Refund
15933,Transfer
15934,Refund
15935,Transfer
15936,Refund
15937,Transfer
15938,Refund
15939,Transfer
15940,Refund
15941,Transfer
15942,Refund
15943,Transfer
15944,Refund
15945,Transfer
15946,Refund
15947,Transfer
15948,Refund
15949,Transfer
15950,Refund
15951,Transfer
15952,Refund
15953,Transfer
15954,Refund
15955,Transfer
15956,Refund
15957,Transfer
15958,Refund
15959,Transfer
15960,Refund
15961,Transfer
15962,Refund
15963,Transfer
15964,Refund
15965,Transfer
15966,Refund
15967,Transfer
15968,Refund
15969,Transfer
15970,Refund
15971,Transfer
15972,Refund
15973,Transfer
15974,Refund
15975,Transfer
15976,Refund
15977,Transfer
15978,Refund
15979,Transfer
15980,Refund
15981,Transfer
15982,Refund
15983,Transfer
15984,Refund
15985,Transfer
15986,Refund
15987,Transfer
15988,Refund
15989,Transfer
15990,Refund
15991,Transfer
15992,Refund
15993,Transfer
15994,Refund
15995,Transfer
15996,Refund
15997,Transfer
15998,Refund
15999,Transfer
16000,Refund
16001,Transfer
16002,Refund
16003,Transfer
16004,Refund
16005,Transfer
16006,Refund
16007,Transfer
16008,Refund
16009,Transfer
16010,Refund
16011,Transfer
16012,Refund
16013,Transfer
16014,Refund
16015,Transfer
16016,Refund
16017,Transfer
16018,Refund
16019,Transfer
16020,Refund
16021,Transfer
16022,Refund
16023,Transfer
16024,Refund
16025,Transfer
16026,Refund
16027,Transfer
16028,Refund
16029,Transfer
16030,Refund
16031,Transfer
16032,Refund
16033,Transfer
16034,Refund
16035,Transfer
16036,Refund
16037,Transfer
16038,Refund
16039,Transfer
16040,Refund
16041,Transfer
16042,Refund
16043,Transfer
16044,Refund
16045,Transfer
16046,Refund
16047,Transfer
16048,Refund
16049,Transfer
16050,Refund
16051,Transfer
16052,Refund
16053,Transfer
16054,Refund
16055,Transfer
16056,Refund
16057,Transfer
16058,Refund
16059,Transfer
16060,Refund
16061,Transfer
16062,Refund
16063,Transfer
16064,Refund
16065,Transfer
16066,Refund
16067,Transfer
16068,Refund
16069,Transfer
16070,Refund
16071,Transfer
16072,Refund
16073,Transfer
16074,Refund
16075,Transfer
16076,Refund
16077,Transfer
16078,Refund
16079,Transfer
16080,Refund
16081,Transfer
16082,Refund
16083,Transfer
16084,Refund
16085,Transfer
16086,Refund
16087,Transfer
16088,Refund
16089,Transfer
16090,Refund
16091,Transfer
16092,Refund
16093,Transfer
16094,Refund
16095,Transfer
16096,Refund
16097,Transfer
16098,Refund
16099,Transfer
16100,Refund
16101,Transfer
16102,Refund
16103,Transfer
16104,Refund
16105,Transfer
16106,Refund
16107,Transfer
16108,Refund
16109,Transfer
16110,Refund
16111,Transfer
16112,Refund
16113,Transfer
16114,Refund
16115,Transfer
16116,Refund
16117,Transfer
16118,Refund
16119,Transfer
16120,Refund
16121,Transfer
16122,Refund
16123,Transfer
16124,Refund
16125,Transfer
16126,Refund
16127,Transfer
16128,Refund
16129,Transfer
16130,Refund
16131,Transfer
16132,Refund
16133,Transfer
16134,Refund
16135,Transfer
16136,Refund
16137,Transfer
16138,Refund
16139,Transfer
16140,Refund
16141,Transfer
16142,Refund
16143,Transfer
16144,Refund
16145,Transfer
16146,Refund
16147,Transfer
16148,Refund
16149,Transfer
16150,Refund
16151,Transfer
16152,Refund
16153,Transfer
16154,Refund
16155,Transfer
16156,Refund
16157,Transfer
16158,Refund
16159,Transfer
16160,Refund
16161,Transfer
16162,Refund
16163,Transfer
16164,Refund
16165,Transfer
16166,Refund
16167,Transfer
16168,Refund
16169,Transfer
16170,Refund
16171,Transfer
16172,Refund
16173,Transfer
16174,Refund
16175,Transfer
16176,Refund
16177,Transfer
16178,Refund
16179,Transfer
16180,Refund
16181,Transfer
16182,Refund
16183,Transfer
16184,Refund
16185,Transfer
16186,Refund
16187,Transfer
16188,Refund
16189,Transfer
16190,Refund
16191,Transfer
16192,Refund
16193,Transfer
16194,Refund
16195,Transfer
16196,Refund
16197,Transfer
16198,Refund
16199,Transfer
16200,Refund
16201,Transfer
16202,Refund
16203,Transfer
16204,Refund
16205,Transfer
16206,Refund
16207,Transfer
16208,Refund
16209,Transfer
16210,Refund
16211,Transfer
16212,Refund
16213,Transfer
16214,Refund
16215,Transfer
16216,Refund
16217,Transfer
16218,Refund
16219,Transfer
16220,Refund
16221,Transfer
16222,Refund
16223,Transfer
16224,Refund
16225,Transfer
16226,Refund
16227,Transfer
16228,Refund
16229,Transfer
16230,Refund
16231,Transfer
16232,Refund
16233,Transfer
16234,Refund
16235,Transfer
16236,Refund
16237,Transfer
16238,Refund
16239,Transfer
16240,Refund
16241,Transfer
16242,Refund
16243,Transfer
16244,Refund
16245,Transfer
16246,Refund
16247,Transfer
16248,Refund
16249,Transfer
16250,Refund
16251,Transfer
16252,Refund
16253,Transfer
16254,Refund
16255,Transfer
16256,Refund
16257,Transfer
16258,Refund
16259,Transfer
16260,Refund
16261,Transfer
16262,Refund
16263,Transfer
16264,Refund
16265,Transfer
16266,Refund
16267,Transfer
16268,Refund
16269,Transfer
16270,Refund
16271,Transfer
16272,Refund
16273,Transfer
16274,Refund
16275,Transfer
16276,Refund
16277,Transfer
16278,Refund
16279,Transfer
16280,Refund
16281,Transfer
16282,Refund
16283,Transfer
16284,Refund
16285,Transfer
16286,Refund
16287,Transfer
16288,Refund
16289,Transfer
16290,Refund
16291,Transfer
16292,Refund
16293,Transfer
16294,Refund
16295,Transfer
16296,Refund
16297,Transfer
16298,Refund
16299,Transfer
16300,Refund
16301,Transfer
16302,Refund
16303,Transfer
16304,Refund
16305,Transfer
16306,Refund
16307,Transfer
16308,Refund
16309,Transfer
16310,Refund
16311,Transfer
16312,Refund
16313,Transfer
16314,Refund
16315,Transfer
16316,Refund
16317,Transfer
16318,Refund
16319,Transfer
16320,Refund
16321,Transfer
16322,Refund
16323,Transfer
16324,Refund
16325,Transfer
16326,Refund
16327,Transfer
16328,Refund
16329,Transfer
16330,Refund
16331,Transfer
16332,Refund
16333,Transfer
16334,Refund
16335,Transfer
16336,Refund
16337,Transfer
16338,Refund
16339,Transfer
16340,Refund
16341,Transfer
16342,Refund
16343,Transfer
16344,Refund
16345,Transfer
16346,Refund
16347,Transfer
16348,Refund
16349,Transfer
16350,Refund
16351,Transfer
16352,Refund
16353,Transfer
16354,Refund
16355,Transfer
16356,Refund
16357,Transfer
16358,Refund
16359,Transfer
16360,Refund
16361,Transfer
16362,Refund
16363,Transfer
16364,Refund
16365,Transfer
16366,Refund
16367,Transfer
16368,Refund
16369,Transfer
16370,Refund
16371,Transfer
16372,Refund
16373,Transfer
16374,Refund
16375,Transfer
16376,Refund
16377,Transfer
16378,Refund
16379,Transfer
16380,Refund
16381,Transfer
16382,Refund
16383,Transfer
16384,Refund
16385,Transfer
16386,Refund
16387,Transfer
16388,Refund
16389,Transfer
16390,Refund
16391,Transfer
16392,Refund
16393,Transfer
16394,Refund
16395,Transfer
16396,Refund
16397,Transfer
16398,Refund
16399,Transfer
16400,Refund
16401,Transfer
16402,Refund
16403,Transfer
16404,Refund
16405,Transfer
16406,Refund
16407,Transfer
16408,Refund
16409,Transfer
16410,Refund
16411,Transfer
16412,Refund
16413,Transfer
16414,Refund
16415,Transfer
16416,Refund
16417,Transfer
16418,Refund
16419,Transfer
16420,Refund
16421,Transfer
16422,Refund
16423,Transfer
16424,Refund
16425,Transfer
16426,Refund
16427,Transfer
16428,Refund
16429,Transfer
16430,Refund
16431,Transfer
16432,Refund
16433,Transfer
16434,Refund
16435,Transfer
16436,Refund
16437,Transfer
16438,Refund
16439,Transfer
16440,Refund
16441,Transfer
16442,Refund
16443,Transfer
16444,Refund
16445,Transfer
16446,Refund
16447,Transfer
16448,Refund
16449,Transfer
16450,Refund
16451,Transfer
16452,Refund
16453,Transfer
16454,Refund
16455,Transfer
16456,Refund
16457,Transfer
16458,Refund
16459,Transfer
16460,Refund
16461,Transfer
16462,Refund
16463,Transfer
16464,Refund
16465,Transfer
16466,Refund
16467,Transfer
16468,Refund
16469,Transfer
16470,Refund
16471,Transfer
16472,Refund
16473,Transfer
16474,Refund
16475,Transfer
16476,Refund
16477,Transfer
16478,Refund
16479,Transfer
16480,Refund
16481,Transfer
16482,Refund
16483,Transfer
16484,Refund
16485,Transfer
16486,Refund
16487,Transfer
16488,Refund
16489,Transfer
16490,Refund
16491,Transfer
16492,Refund
16493,Transfer
16494,Refund
16495,Transfer
16496,Refund
16497,Transfer
16498,Refund
16499,Transfer
16500,Refund
16501,Transfer
16502,Refund
16503,Transfer
16504,Refund
16505,Transfer
16506,Refund
16507,Transfer
16508,Refund
16509,Transfer
16510,Refund
16511,Transfer
16512,Refund
16513,Transfer
16514,Refund
16515,Transfer
16516,Refund
16517,Transfer
16518,Refund
16519,Transfer
16520,Refund
16521,Transfer
16522,Refund
16523,Transfer
16524,Refund
16525,Transfer
16526,Refund
16527,Transfer
16528,Refund
16529,Transfer
16530,Refund
16531,Transfer
16532,Refund
16533,Transfer
16534,Refund
16535,Transfer
16536,Refund
16537,Transfer
16538,Refund
16539,Transfer
16540,Refund
16541,Transfer
16542,Refund
16543,Transfer
16544,Refund
16545,Transfer
16546,Refund
16547,Transfer
16548,Refund
16549,Transfer
16550,Refund
16551,Transfer
16552,Refund
16553,Transfer
16554,Refund
16555,Transfer
16556,Refund
16557,Transfer
16558,Refund
16559,Transfer
16560,Refund
16561,Transfer
16562,Refund
16563,Transfer
16564,Refund
16565,Transfer
16566,Refund
16567,Transfer
16568,Refund
16569,Transfer
16570,Refund
16571,Transfer
16572,Refund
16573,Transfer
16574,Refund
16575,Transfer
16576,Refund
16577,Transfer
16578,Refund
16579,Transfer
16580,Refund
16581,Transfer
16582,Refund
16583,Transfer
16584,Refund
16585,Transfer
16586,Refund
16587,Transfer
16588,Refund
16589,Transfer
16590,Refund
16591,Transfer
16592,Refund
16593,Transfer
16594,Refund
16595,Transfer
16596,Refund
16597,Transfer
16598,Refund
16599,Transfer
16600,Refund
16601,Transfer
16602,Refund
16603,Transfer
16604,Refund
16605,Transfer
16606,Refund
16607,Transfer
16608,Refund
16609,Transfer
16610,Refund
16611,Transfer
16612,Refund
16613,Transfer
16614,Refund
16615,Transfer
16616,Refund
16617,Transfer
16618,Refund
16619,Transfer
16620,Refund
16621,Transfer
16622,Refund
16623,Transfer
16624,Refund
16625,Transfer
16626,Refund
16627,Transfer
16628,Refund
16629,Transfer
16630,Refund
16631,Transfer
16632,Refund
16633,Transfer
16634,Refund
16635,Transfer
16636,Refund
16637,Transfer
16638,Refund
16639,Transfer
16640,Refund
16641,Transfer
16642,Refund
16643,Transfer
16644,Refund
16645,Transfer
16646,Refund
16647,Transfer
16648,Refund
16649,Transfer
16650,Refund
16651,Transfer
16652,Refund
16653,Transfer
16654,Refund
16655,Transfer
16656,Refund
16657,Transfer
16658,Refund
16659,Transfer
16660,Refund
16661,Transfer
16662,Refund
16663,Transfer
16664,Refund
16665,Transfer
16666,Refund
16667,Transfer
16668,Refund
16669,Transfer
16670,Refund
16671,Transfer
16672,Refund
16673,Transfer
16674,Refund
16675,Transfer
16676,Refund
16677,Transfer
16678,Refund
16679,Transfer
16680,Refund
16681,Transfer
16682,Refund
16683,Transfer
16684,Refund
16685,Transfer
16686,Refund
16687,Transfer
16688,Refund
16689,Transfer
16690,Refund
16691,Transfer
16692,Refund
16693,Transfer
16694,Refund
16695,Transfer
16696,Refund
16697,Transfer
16698,Refund
16699,Transfer
16700,Refund
16701,Transfer
16702,Refund
16703,Transfer
16704,Refund
16705,Transfer
16706,Refund
16707,Transfer
16708,Refund
16709,Transfer
16710,Refund
16711,Transfer
16712,Refund
16713,Transfer
16714,Refund
16715,Transfer
16716,Refund
16717,Transfer
16718,Refund
16719,Transfer
16720,Refund
16721,Transfer
16722,Refund
16723,Transfer
16724,Refund
16725,Transfer
16726,Refund
16727,Transfer
16728,Refund
16729,Transfer
16730,Refund
16731,Transfer
16732,Refund
16733,Transfer
16734,Refund
16735,Transfer
16736,Refund
16737,Transfer
16738,Refund
16739,Transfer
16740,Refund
16741,Transfer
16742,Refund
16743,Transfer
16744,Refund
16745,Transfer
16746,Refund
16747,Transfer
16748,Refund
16749,Transfer
16750,Refund
16751,Transfer
16752,Refund
16753,Transfer
16754,Refund
16755,Transfer
16756,Refund
16757,Transfer
16758,Refund
16759,Transfer
16760,Refund
16761,Transfer
16762,Refund
16763,Transfer
16764,Refund
16765,Transfer
16766,Refund
16767,Transfer
16768,Refund
16769,Transfer
16770,Refund
16771,Transfer
16772,Refund
16773,Transfer
16774,Refund
16775,Transfer
16776,Refund
16777,Transfer
16778,Refund
16779,Transfer
16780,Refund
16781,Transfer
16782,Refund
16783,Transfer
16784,Refund
16785,Transfer
16786,Refund
16787,Transfer
16788,Refund
16789,Transfer
16790,Refund
16791,Transfer
16792,Refund
16793,Transfer
16794,Refund
16795,Transfer
16796,Refund
16797,Transfer
16798,Refund
16799,Transfer
16800,Refund
16801,Transfer
16802,Refund
16803,Transfer
16804,Refund
16805,Transfer
16806,Refund
16807,Transfer
16808,Refund
16809,Transfer
16810,Refund
16811,Transfer
16812,Refund
16813,Transfer
16814,Refund
16815,Transfer
16816,Refund
16817,Transfer
16818,Refund
16819,Transfer
16820,Refund
16821,Transfer
16822,Refund
16823,Transfer
16824,Refund
16825,Transfer
16826,Refund
16827,Transfer
16828,Refund
16829,Transfer
16830,Refund
16831,Transfer
16832,Refund
16833,Transfer
16834,Refund
16835,Transfer
16836,Refund
16837,Transfer
16838,Refund
16839,Transfer
16840,Refund
16841,Transfer
16842,Refund
16843,Transfer
16844,Refund
16845,Transfer
16846,Refund
16847,Transfer
16848,Refund
16849,Transfer
16850,Refund
16851,Transfer
16852,Refund
16853,Transfer
16854,Refund
16855,Transfer
16856,Refund
16857,Transfer
16858,Refund
16859,Transfer
16860,Refund
16861,Transfer
16862,Refund
16863,Transfer
16864,Refund
16865,Transfer
16866,Refund
16867,Transfer
16868,Refund
16869,Transfer
16870,Refund
16871,Transfer
16872,Refund
16873,Transfer
16874,Refund
16875,Transfer
16876,Refund
16877,Transfer
16878,Refund
16879,Transfer
16880,Refund
16881,Transfer
16882,Refund
16883,Transfer
16884,Refund
16885,Transfer
16886,Refund
16887,Transfer
16888,Refund
16889,Transfer
16890,Refund
16891,Transfer
16892,Refund
16893,Transfer
16894,Refund
16895,Transfer
16896,Refund
16897,Transfer
16898,Refund
16899,Transfer
16900,Refund
16901,Transfer
16902,Refund
16903,Transfer
16904,Refund
16905,Transfer
16906,Refund
16907,Transfer
16908,Refund
16909,Transfer
16910,Refund
16911,Transfer
16912,Refund
16913,Transfer
16914,Refund
16915,Transfer
16916,Refund
16917,Transfer
16918,Refund
16919,Transfer
16920,Refund
16921,Transfer
16922,Refund
16923,Transfer
16924,Refund
16925,Transfer
16926,Refund
16927,Transfer
16928,Refund
16929,Transfer
16930,Refund
16931,Transfer
16932,Refund
16933,Transfer
16934,Refund
16935,Transfer
16936,Refund
16937,Transfer
16938,Refund
16939,Transfer
16940,Refund
16941,Transfer
16942,Refund
16943,Transfer
16944,Refund
16945,Transfer
16946,Refund
16947,Transfer
16948,Refund
16949,Transfer
16950,Refund
16951,Transfer
16952,Refund
16953,Transfer
16954,Refund
16955,Transfer
16956,Refund
16957,Transfer
16958,Refund
16959,Transfer
16960,Refund
16961,Transfer
16962,Refund
16963,Transfer
16964,Refund
16965,Transfer
16966,Refund
16967,Transfer
16968,Refund
16969,Transfer
16970,Refund
16971,Transfer
16972,Refund
16973,Transfer
16974,Refund
16975,Transfer
16976,Refund
16977,Transfer
16978,Refund
16979,Transfer
16980,Refund
16981,Transfer
16982,Refund
16983,Transfer
16984,Refund
16985,Transfer
16986,Refund
16987,Transfer
16988,Refund
16989,Transfer
16990,Refund
16991,Transfer
16992,Refund
16993,Transfer
16994,Refund
16995,Transfer
16996,Refund
16997,Transfer
16998,Refund
16999,Transfer
17000,Refund
17001,Transfer
17002,Refund
17003,Transfer
17004,Refund
17005,Transfer
17006,Refund
17007,Transfer
17008,Refund
17009,Transfer
17010,Refund
17011,Transfer
17012,Refund
17013,Transfer
17014,Refund
17015,Transfer
17016,Refund
17017,Transfer
17018,Refund
17019,Transfer
17020,Refund
17021,Transfer
17022,Refund
17023,Transfer
17024,Refund
17025,Transfer
17026,Refund
17027,Transfer
17028,Refund
17029,Transfer
17030,Refund
17031,Transfer
17032,Refund
17033,Transfer
17034,Refund
17035,Transfer
17036,Refund
17037,Transfer
17038,Refund
17039,Transfer
17040,Refund
17041,Transfer
17042,Refund
17043,Transfer
17044,Refund
17045,Transfer
17046,Refund
17047,Transfer
17048,Refund
17049,Transfer
17050,Refund
17051,Transfer
17052,Refund
17053,Transfer
17054,Refund
17055,Transfer
17056,Refund
17057,Transfer
17058,Refund
17059,Transfer
17060,Refund
17061,Transfer
17062,Refund
17063,Transfer
17064,Refund
17065,Transfer
17066,Refund
17067,Transfer
17068,Refund
17069,Transfer
17070,Refund
17071,Transfer
17072,Refund
17073,Transfer
17074,Refund
17075,Transfer
17076,Refund
17077,Transfer
17078,Refund
17079,Transfer
17080,Refund
17081,Transfer
17082,Refund
17083,Transfer
17084,Refund
17085,Transfer
17086,Refund
17087,Transfer
17088,Refund
17089,Transfer
17090,Refund
17091,Transfer
17092,Refund
17093,Transfer
17094,Refund
17095,Transfer
17096,Refund
17097,Transfer
17098,Refund
17099,Transfer
17100,Refund
17101,Transfer
17102,Refund
17103,Transfer
17104,Refund
17105,Transfer
17106,Refund
17107,Transfer
17108,Refund
17109,Transfer
17110,Refund
17111,Transfer
17112,Refund
17113,Transfer
17114,Refund
17115,Transfer
17116,Refund
17117,Transfer
17118,Refund
17119,Transfer
17120,Refund
17121,Transfer
17122,Refund
17123,Transfer
17124,Refund
17125,Transfer
17126,Refund
17127,Transfer
17128,Refund
17129,Transfer
17130,Refund
17131,Transfer
17132,Refund
17133,Transfer
17134,Refund
17135,Transfer
17136,Refund
17137,Transfer
17138,Refund
17139,Transfer
17140,Refund
17141,Transfer
17142,Refund
17143,Transfer
17144,Refund
17145,Transfer
17146,Refund
17147,Transfer
17148,Refund
17149,Transfer
17150,Refund
17151,Transfer
17152,Refund
17153,Transfer
17154,Refund
17155,Transfer
17156,Refund
17157,Transfer
17158,Refund
17159,Transfer
17160,Refund
17161,Transfer
17162,Refund
17163,Transfer
17164,Refund
17165,Transfer
17166,Refund
17167,Transfer
17168,Refund
17169,Transfer
17170,Refund
17171,Transfer
17172,Refund
17173,Transfer
17174,Refund
17175,Transfer
17176,Refund
17177,Transfer
17178,Refund
17179,Transfer
17180,Refund
17181,Transfer
17182,Refund
17183,Transfer
17184,Refund
17185,Transfer
17186,Refund
17187,Transfer
17188,Refund
17189,Transfer
17190,Refund
17191,Transfer
17192,Refund
17193,Transfer
17194,Refund
17195,Transfer
17196,Refund
17197,Transfer
17198,Refund
17199,Transfer
17200,Refund
17201,Transfer
17202,Refund
17203,Transfer
17204,Refund
17205,Transfer
17206,Refund
17207,Transfer
17208,Refund
17209,Transfer
17210,Refund
17211,Transfer
17212,Refund
17213,Transfer
17214,Refund
17215,Transfer
17216,Refund
17217,Transfer
17218,Refund
17219,Transfer
17220,Refund
17221,Transfer
17222,Refund
17223,Transfer
17224,Refund
17225,Transfer
17226,Refund
17227,Transfer
17228,Refund
17229,Transfer
17230,Refund
17231,Transfer
17232,Refund
17233,Transfer
17234,Refund
17235,Transfer
17236,Refund
17237,Transfer
17238,Refund
17239,Transfer
17240,Refund
17241,Transfer
17242,Refund
17243,Transfer
17244,Refund
17245,Transfer
17246,Refund
17247,Transfer
17248,Refund
17249,Transfer
17250,Refund
17251,Transfer
17252,Refund
17253,Transfer
17254,Refund
17255,Transfer
17256,Refund
17257,Transfer
17258,Refund
17259,Transfer
17260,Refund
17261,Transfer
17262,Refund
17263,Transfer
17264,Refund
17265,Transfer
17266,Refund
17267,Transfer
17268,Refund
17269,Transfer
17270,Refund
17271,Transfer
17272,Refund
17273,Transfer
17274,Refund
17275,Transfer
17276,Refund
17277,Transfer
17278,Refund
17279,Transfer
17280,Refund
17281,Transfer
17282,Refund
17283,Transfer
17284,Refund
17285,Transfer
17286,Refund
17287,Transfer
17288,Refund
17289,Transfer
17290,Refund
17291,Transfer
17292,Refund
17293,Transfer
17294,Refund
17295,Transfer
17296,Refund
17297,Transfer
17298,Refund
17299,Transfer
17300,Refund
17301,Transfer
17302,Refund
17303,Transfer
17304,Refund
17305,Transfer
17306,Refund
17307,Transfer
17308,Refund
17309,Transfer
17310,Refund
17311,Transfer
17312,Refund
17313,Transfer
17314,Refund
17315,Transfer
17316,Refund
17317,Transfer
17318,Refund
17319,Transfer
17320,Refund
17321,Transfer
17322,Refund
17323,Transfer
17324,Refund
17325,Transfer
17326,Refund
17327,Transfer
17328,Refund
17329,Transfer
17330,Refund
17331,Transfer
17332,Refund
17333,Transfer
17334,Refund
17335,Transfer
17336,Refund
17337,Transfer
17338,Refund
17339,Transfer
17340,Refund
17341,Transfer
17342,Refund
17343,Transfer
17344,Refund
17345,Transfer
17346,Refund
17347,Transfer
17348,Refund
17349,Transfer
17350,Refund
17351,Transfer
17352,Refund
17353,Transfer
17354,Refund
17355,Transfer
17356,Refund
17357,Transfer
17358,Refund
17359,Transfer
17360,Refund
17361,Transfer
17362,Refund
17363,Transfer
17364,Refund
17365,Transfer
17366,Refund
17367,Transfer
17368,Refund
17369,Transfer
17370,Refund
17371,Transfer
17372,Refund
17373,Transfer
17374,Refund
17375,Transfer
17376,Refund
17377,Transfer
17378,Refund
17379,Transfer
17380,Refund
17381,Transfer
17382,Refund
17383,Transfer
17384,Refund
17385,Transfer
17386,Refund
17387,Transfer
17388,Refund
17389,Transfer
17390,Refund
17391,Transfer
17392,Refund
17393,Transfer
17394,Refund
17395,Transfer
17396,Refund
17397,Transfer
17398,Refund
17399,Transfer
17400,Refund
17401,Transfer
17402,Refund
17403,Transfer
17404,Refund
17405,Transfer
17406,Refund
17407,Transfer
17408,Refund
17409,Transfer
17410,Refund
17411,Transfer
17412,Refund
17413,Transfer
17414,Refund
17415,Transfer
17416,Refund
17417,Transfer
17418,Refund
17419,Transfer
17420,Refund
17421,Transfer
17422,Refund
17423,Transfer
17424,Refund
17425,Transfer
17426,Refund
17427,Transfer
17428,Refund
17429,Transfer
17430,Refund
17431,Transfer
17432,Refund
17433,Transfer
17434,Refund
17435,Transfer
17436,Refund
17437,Transfer
17438,Refund
17439,Transfer
17440,Refund
17441,Transfer
17442,Refund
17443,Transfer
17444,Refund
17445,Transfer
17446,Refund
17447,Transfer
17448,Refund
17449,Transfer
17450,Refund
17451,Transfer
17452,Refund
17453,Transfer
17454,Refund
17455,Transfer
17456,Refund
17457,Transfer
17458,Refund
17459,Transfer
17460,Refund
17461,Transfer
17462,Refund
17463,Transfer
17464,Refund
17465,Transfer
17466,Refund
17467,Transfer
17468,Refund
17469,Transfer
17470,Refund
17471,Transfer
17472,Refund
17473,Transfer
17474,Refund
17475,Transfer
17476,Refund
17477,Transfer
17478,Refund
17479,Transfer
17480,Refund
17481,Transfer
17482,Refund
17483,Transfer
17484,Refund
17485,Transfer
17486,Refund
17487,Transfer
17488,Refund
17489,Transfer
17490,Refund
17491,Transfer
17492,Refund
17493,Transfer
17494,Refund
17495,Transfer
17496,Refund
17497,Transfer
17498,Refund
17499,Transfer
17500,Refund
17501,Transfer
17502,Refund
17503,Transfer
17504,Refund
17505,Transfer
17506,Refund
17507,Transfer
17508,Refund
17509,Transfer
17510,Refund
17511,Transfer
17512,Refund
17513,Transfer
17514,Refund
17515,Transfer
17516,Refund
17517,Transfer
17518,Refund
17519,Transfer
17520,Refund
17521,Transfer
17522,Refund
17523,Transfer
17524,Refund
17525,Transfer
17526,Refund
17527,Transfer
17528,Refund
17529,Transfer
17530,Refund
17531,Transfer
17532,Refund
17533,Transfer
17534,Refund
17535,Transfer
17536,Refund
17537,Transfer
17538,Refund
17539,Transfer
17540,Refund
17541,Transfer
17542,Refund
17543,Transfer
17544,Refund
17545,Transfer
17546,Refund
17547,Transfer
17548,Refund
17549,Transfer
17550,Refund
17551,Transfer
17552,Refund
17553,Transfer
17554,Refund
17555,Transfer
17556,Refund
17557,Transfer
17558,Refund
17559,Transfer
17560,Refund
17561,Transfer
17562,Refund
17563,Transfer
17564,Refund
17565,Transfer
17566,Refund
17567,Transfer
17568,Refund
17569,Transfer
17570,Refund
17571,Transfer
17572,Refund
17573,Transfer
17574,Refund
17575,Transfer
17576,Refund
17577,Transfer
17578,Refund
17579,Transfer
17580,Refund
17581,Transfer
17582,Refund
17583,Transfer
17584,Refund
17585,Transfer
17586,Refund
17587,Transfer
17588,Refund
17589,Transfer
17590,Refund
17591,Transfer
17592,Refund
17593,Transfer
17594,Refund
17595,Transfer
17596,Refund
17597,Transfer
17598,Refund
17599,Transfer
17600,Refund
17601,Transfer
17602,Refund
17603,Transfer
17604,Refund
17605,Transfer
17606,Refund
17607,Transfer
17608,Refund
17609,Transfer
17610,Refund
17611,Transfer
17612,Refund
17613,Transfer
17614,Refund
17615,Transfer
17616,Refund
17617,Transfer
17618,Refund
17619,Transfer
17620,Refund
17621,Transfer
17622,Refund
17623,Transfer
17624,Refund
17625,Transfer
17626,Refund
17627,Transfer
17628,Refund
17629,Transfer
17630,Refund
17631,Transfer
17632,Refund
17633,Transfer
17634,Refund
17635,Transfer
17636,Refund
17637,Transfer
17638,Refund
17639,Transfer
17640,Refund
17641,Transfer
17642,Refund
17643,Transfer
17644,Refund
17645,Transfer
17646,Refund
17647,Transfer
17648,Refund
17649,Transfer
17650,Refund
17651,Transfer
17652,Refund
17653,Transfer
17654,Refund
17655,Transfer
17656,Refund
17657,Transfer
17658,Refund
17659,Transfer
17660,Refund
17661,Transfer
17662,Refund
17663,Transfer
17664,Refund
17665,Transfer
17666,Refund
17667,Transfer
17668,Refund
17669,Transfer
17670,Refund
17671,Transfer
17672,Refund
17673,Transfer
17674,Refund
17675,Transfer
17676,Refund
17677,Transfer
17678,Refund
17679,Transfer
17680,Refund
17681,Transfer
17682,Refund
17683,Transfer
17684,Refund
17685,Transfer
17686,Refund
17687,Transfer
17688,Refund
17689,Transfer
17690,Refund
17691,Transfer
17692,Refund
17693,Transfer
17694,Refund
17695,Transfer
17696,Refund
17697,Transfer
17698,Refund
17699,Transfer
17700,Refund
17701,Transfer
17702,Refund
17703,Transfer
17704,Refund
17705,Transfer
17706,Refund
17707,Transfer
17708,Refund
17709,Transfer
17710,Refund
17711,Transfer
17712,Refund
17713,Transfer
17714,Refund
17715,Transfer
17716,Refund
17717,Transfer
17718,Refund
17719,Transfer
17720,Refund
17721,Transfer
17722,Refund
17723,Transfer
17724,Refund
17725,Transfer
17726,Refund
17727,Transfer
17728,Refund
17729,Transfer
17730,Refund
17731,Transfer
17732,Refund
17733,Transfer
17734,Refund
17735,Transfer
17736,Refund
17737,Transfer
17738,Refund
17739,Transfer
17740,Refund
17741,Transfer
17742,Refund
17743,Transfer
17744,Refund
17745,Transfer
17746,Refund
17747,Transfer
17748,Refund
17749,Transfer
17750,Refund
17751,Transfer
17752,Refund
17753,Transfer
17754,Refund
17755,Transfer
17756,Refund
17757,Transfer
17758,Refund
17759,Transfer
17760,Refund
17761,Transfer
17762,Refund
17763,Transfer
17764,Refund
17765,Transfer
17766,Refund
17767,Transfer
17768,Refund
17769,Transfer
17770,Refund
17771,Transfer
17772,Refund
17773,Transfer
17774,Refund
17775,Transfer
17776,Refund
17777,Transfer
17778,Refund
17779,Transfer
17780,Refund
17781,Transfer
17782,Refund
17783,Transfer
17784,Refund
17785,Transfer
17786,Refund
17787,Transfer
17788,Refund
17789,Transfer
17790,Refund
17791,Transfer
17792,Refund
17793,Transfer
17794,Refund
17795,Transfer
17796,Refund
17797,Transfer
17798,Refund
17799,Transfer
17800,Refund
17801,Transfer
17802,Refund
17803,Transfer
17804,Refund
17805,Transfer
17806,Refund
17807,Transfer
17808,Refund
17809,Transfer
17810,Refund
17811,Transfer
17812,Refund
17813,Transfer
17814,Refund
17815,Transfer
17816,Refund
17817,Transfer
17818,Refund
17819,Transfer
17820,Refund
17821,Transfer
17822,Refund
17823,Transfer
17824,Refund
17825,Transfer
17826,Refund
17827,Transfer
17828,Refund
17829,Transfer
17830,Refund
17831,Transfer
17832,Refund
17833,Transfer
17834,Refund
17835,Transfer
17836,Refund
17837,Transfer
17838,Refund
17839,Transfer
17840,Refund
17841,Transfer
17842,Refund
17843,Transfer
17844,Refund
17845,Transfer
17846,Refund
17847,Transfer
17848,Refund
17849,Transfer
17850,Refund
17851,Transfer
17852,Refund
17853,Transfer
17854,Refund
17855,Transfer
17856,Refund
17857,Transfer
17858,Refund
17859,Transfer
17860,Refund
17861,Transfer
17862,Refund
17863,Transfer
17864,Refund
17865,Transfer
17866,Refund
17867,Transfer
17868,Refund
17869,Transfer
17870,Refund
17871,Transfer
17872,Refund
17873,Transfer
17874,Refund
17875,Transfer
17876,Refund
17877,Transfer
17878,Refund
17879,Transfer
17880,Refund
17881,Transfer
17882,Refund
17883,Transfer
17884,Refund
17885,Transfer
17886,Refund
17887,Transfer
17888,Refund
17889,Transfer
17890,Refund
17891,Transfer
17892,Refund
17893,Transfer
17894,Refund
17895,Transfer
17896,Refund
17897,Transfer
17898,Refund
17899,Transfer
17900,Refund
17901,Transfer
17902,Refund
17903,Transfer
17904,Refund
17905,Transfer
17906,Refund
17907,Transfer
17908,Refund
17909,Transfer
17910,Refund
17911,Transfer
17912,Refund
17913,Transfer
17914,Refund
17915,Transfer
17916,Refund
17917,Transfer
17918,Refund
17919,Transfer
17920,Refund
17921,Transfer
17922,Refund
17923,Transfer
17924,Refund
17925,Transfer
17926,Refund
17927,Transfer
17928,Refund
17929,Transfer
17930,Refund
17931,Transfer
17932,Refund
17933,Transfer
17934,Refund
17935,Transfer
17936,Refund
17937,Transfer
17938,Refund
17939,Transfer
17940,Refund
17941,Transfer
17942,Refund
17943,Transfer
17944,Refund
17945,Transfer
17946,Refund
17947,Transfer
17948,Refund
17949,Transfer
17950,Refund
17951,Transfer
17952,Refund
17953,Transfer
17954,Refund
17955,Transfer
17956,Refund
17957,Transfer
17958,Refund
17959,Transfer
17960,Refund
17961,Transfer
17962,Refund
17963,Transfer
17964,Refund
17965,Transfer
17966,Refund
17967,Transfer
17968,Refund
17969,Transfer
17970,Refund
17971,Transfer
17972,Refund
17973,Transfer
17974,Refund
17975,Transfer
17976,Refund
17977,Transfer
17978,Refund
17979,Transfer
17980,Refund
17981,Transfer
17982,Refund
17983,Transfer
17984,Refund
17985,Transfer
17986,Refund
17987,Transfer
17988,Refund
17989,Transfer
17990,Refund
17991,Transfer
17992,Refund
17993,Transfer
17994,Refund
17995,Transfer
17996,Refund
17997,Transfer
17998,Refund
17999,Transfer
18000,Refund
18001,Transfer
18002,Refund
18003,Transfer
18004,Refund
18005,Transfer
18006,Refund
18007,Transfer
18008,Refund
18009,Transfer
18010,Refund
18011,Transfer
18012,Refund
18013,Transfer
18014,Refund
18015,Transfer
18016,Refund
18017,Transfer
18018,Refund
18019,Transfer
18020,Refund
18021,Transfer
18022,Refund
18023,Transfer
18024,Refund
18025,Transfer
18026,Refund
18027,Transfer
18028,Refund
18029,Transfer
18030,Refund
18031,Transfer
18032,Refund
18033,Transfer
18034,Refund
18035,Transfer
18036,Refund
18037,Transfer
18038,Refund
18039,Transfer
18040,Refund
18041,Transfer
18042,Refund
18043,Transfer
18044,Refund
18045,Transfer
18046,Refund
18047,Transfer
18048,Refund
18049,Transfer
18050,Refund
18051,Transfer
18052,Refund
18053,Transfer
18054,Refund
18055,Transfer
18056,Refund
18057,Transfer
18058,Refund
18059,Transfer
18060,Refund
18061,Transfer
18062,Refund
18063,Transfer
18064,Refund
18065,Transfer
18066,Refund
18067,Transfer
18068,Refund
18069,Transfer
18070,Refund
18071,Transfer
18072,Refund
18073,Transfer
18074,Refund
18075,Transfer
18076,Refund
18077,Transfer
18078,Refund
18079,Transfer
18080,Refund
18081,Transfer
18082,Refund
18083,Transfer
18084,Refund
18085,Transfer
18086,Refund
18087,Transfer
18088,Refund
18089,Transfer
18090,Refund
18091,Transfer
18092,Refund
18093,Transfer
18094,Refund
18095,Transfer
18096,Refund
18097,Transfer
18098,Refund
18099,Transfer
18100,Refund
18101,Transfer
18102,Refund
18103,Transfer
18104,Refund
18105,Transfer
18106,Refund
18107,Transfer
18108,Refund
18109,Transfer
18110,Refund
18111,Transfer
18112,Refund
18113,Transfer
18114,Refund
18115,Transfer
18116,Refund
18117,Transfer
18118,Refund
18119,Transfer
18120,Refund
18121,Transfer
18122,Refund
18123,Transfer
18124,Refund
18125,Transfer
18126,Refund
18127,Transfer
18128,Refund
18129,Transfer
18130,Refund
18131,Transfer
18132,Refund
18133,Transfer
18134,Refund
18135,Transfer
18136,Refund
18137,Transfer
18138,Refund
18139,Transfer
18140,Refund
18141,Transfer
18142,Refund
18143,Transfer
18144,Refund
18145,Transfer
18146,Refund
18147,Transfer
18148,Refund
18149,Transfer
18150,Refund
18151,Transfer
18152,Refund
18153,Transfer
18154,Refund
18155,Transfer
18156,Refund
18157,Transfer
18158,Refund
18159,Transfer
18160,Refund
18161,Transfer
18162,Refund
18163,Transfer
18164,Refund
18165,Transfer
18166,Refund
18167,Transfer
18168,Refund
18169,Transfer
18170,Refund
18171,Transfer
18172,Refund
18173,Transfer
18174,Refund
18175,Transfer
18176,Refund
18177,Transfer
18178,Refund
18179,Transfer
18180,Refund
18181,Transfer
18182,Refund
18183,Transfer
18184,Refund
18185,Transfer
18186,Refund
18187,Transfer
18188,Refund
18189,Transfer
18190,Refund
18191,Transfer
18192,Refund
18193,Transfer
18194,Refund
18195,Transfer
18196,Refund
18197,Transfer
18198,Refund
18199,Transfer
18200,Refund
18201,Transfer
18202,Refund
18203,Transfer
18204,Refund
18205,Transfer
18206,Refund
18207,Transfer
18208,Refund
18209,Transfer
18210,Refund
18211,Transfer
18212,Refund
18213,Transfer
18214,Refund
18215,Transfer
18216,Refund
18217,Transfer
18218,Refund
18219,Transfer
18220,Refund
18221,Transfer
18222,Refund
18223,Transfer
18224,Refund
18225,Transfer
18226,Refund
18227,Transfer
18228,Refund
18229,Transfer
18230,Refund
18231,Transfer
18232,Refund
18233,Transfer
18234,Refund
18235,Transfer
18236,Refund
18237,Transfer
18238,Refund
18239,Transfer
18240,Refund
18241,Transfer
18242,Refund
18243,Transfer
18244,Refund
18245,Transfer
18246,Refund
18247,Transfer
18248,Refund
18249,Transfer
18250,Refund
18251,Transfer
18252,Refund
18253,Transfer
18254,Refund
18255,Transfer
18256,Refund
18257,Transfer
18258,Refund
18259,Transfer
18260,Refund
18261,Transfer
18262,Refund
18263,Transfer
18264,Refund
18265,Transfer
18266,Refund
18267,Transfer
18268,Refund
18269,Transfer
18270,Refund
18271,Transfer
18272,Refund
18273,Transfer
18274,Refund
18275,Transfer
18276,Refund
18277,Transfer
18278,Refund
18279,Transfer
18280,Refund
18281,Transfer
18282,Refund
18283,Transfer
18284,Refund
18285,Transfer
18286,Refund
18287,Transfer
18288,Refund
18289,Transfer
18290,Refund
18291,Transfer
18292,Refund
18293,Transfer
18294,Refund
18295,Transfer
18296,Refund
18297,Transfer
18298,Refund
18299,Transfer
18300,Refund
18301,Transfer
18302,Refund
18303,Transfer
18304,Refund
18305,Transfer
18306,Refund
18307,Transfer
18308,Refund
18309,Transfer
18310,Refund
18311,Transfer
18312,Refund
18313,Transfer
18314,Refund
18315,Transfer
18316,Refund
18317,Transfer
18318,Refund
18319,Transfer
18320,Refund
18321,Transfer
18322,Refund
18323,Transfer
18324,Refund
18325,Transfer
18326,Refund
18327,Transfer
18328,Refund
18329,Transfer
18330,Refund
18331,Transfer
18332,Refund
18333,Transfer
18334,Refund
18335,Transfer
18336,Refund
18337,Transfer
18338,Refund
18339,Transfer
18340,Refund
18341,Transfer
18342,Refund
18343,Transfer
18344,Refund
18345,Transfer
18346,Refund
18347,Transfer
18348,Refund
18349,Transfer
18350,Refund
18351,Transfer
18352,Refund
18353,Transfer
18354,Refund
18355,Transfer
18356,Refund
18357,Transfer
18358,Refund
18359,Transfer
18360,Refund
18361,Transfer
18362,Refund
18363,Transfer
18364,Refund
18365,Transfer
18366,Refund
18367,Transfer
18368,Refund
18369,Transfer
18370,Refund
18371,Transfer
18372,Refund
18373,Transfer
18374,Refund
18375,Transfer
18376,Refund
18377,Transfer
18378,Refund
18379,Transfer
18380,Refund
18381,Transfer
18382,Refund
18383,Transfer
18384,Refund
18385,Transfer
18386,Refund
18387,Transfer
18388,Refund
18389,Transfer
18390,Refund
18391,Transfer
18392,Refund
18393,Transfer
18394,Refund
18395,Transfer
18396,Refund
18397,Transfer
18398,Refund
18399,Transfer
18400,Refund
18401,Transfer
18402,Refund
18403,Transfer
18404,Refund
18405,Transfer
18406,Refund
18407,Transfer
18408,Refund
18409,Transfer
18410,Refund
18411,Transfer
18412,Refund
18413,Transfer
18414,Refund
18415,Transfer
18416,Refund
18417,Transfer
18418,Refund
18419,Transfer
18420,Refund
18421,Transfer
18422,Refund
18423,Transfer
18424,Refund
18425,Transfer
18426,Refund
18427,Transfer
18428,Refund
18429,Transfer
18430,Refund
18431,Transfer
18432,Refund
18433,Transfer
18434,Refund
18435,Transfer
18436,Refund
18437,Transfer
18438,Refund
18439,Transfer
18440,Refund
18441,Transfer
18442,Refund
18443,Transfer
18444,Refund
18445,Transfer
18446,Refund
18447,Transfer
18448,Refund
18449,Transfer
18450,Refund
18451,Transfer
18452,Refund
18453,Transfer
18454,Refund
18455,Transfer
18456,Refund
18457,Transfer
18458,Refund
18459,Transfer
18460,Refund
18461,Transfer
18462,Refund
18463,Transfer
18464,Refund
18465,Transfer
18466,Refund
18467,Transfer
18468,Refund
18469,Transfer
18470,Refund
18471,Transfer
18472,Refund
18473,Transfer
18474,Refund
18475,Transfer
18476,Refund
18477,Transfer
18478,Refund
18479,Transfer
18480,Refund
18481,Transfer
18482,Refund
18483,Transfer
18484,Refund
18485,Transfer
18486,Refund
18487,Transfer
18488,Refund
18489,Transfer
18490,Refund
18491,Transfer
18492,Refund
18493,Transfer
18494,Refund
18495,Transfer
18496,Refund
18497,Transfer
18498,Refund
18499,Transfer
18500,Refund
18501,Transfer
18502,Refund
18503,Transfer
18504,Refund
18505,Transfer
18506,Refund
18507,Transfer
18508,Refund
18509,Transfer
18510,Refund
18511,Transfer
18512,Refund
18513,Transfer
18514,Refund
18515,Transfer
18516,Refund
18517,Transfer
18518,Refund
18519,Transfer
18520,Refund
18521,Transfer
18522,Refund
18523,Transfer
18524,Refund
18525,Transfer
18526,Refund
18527,Transfer
18528,Refund
18529,Transfer
18530,Refund
18531,Transfer
18532,Refund
18533,Transfer
18534,Refund
18535,Transfer
18536,Refund
18537,Transfer
18538,Refund
18539,Transfer
18540,Refund
18541,Transfer
18542,Refund
18543,Transfer
18544,Refund
18545,Transfer
18546,Refund
18547,Transfer
18548,Refund
18549,Transfer
18550,Refund
18551,Transfer
18552,Refund
18553,Transfer
18554,Refund
18555,Transfer
18556,Refund
18557,Transfer
18558,Refund
18559,Transfer
18560,Refund
18561,Transfer
18562,Refund
18563,Transfer
18564,Refund
18565,Transfer
18566,Refund
18567,Transfer
18568,Refund
18569,Transfer
18570,Refund
18571,Transfer
18572,Refund
18573,Transfer
18574,Refund
18575,Transfer
18576,Refund
18577,Transfer
18578,Refund
18579,Transfer
18580,Refund
18581,Transfer
18582,Refund
18583,Transfer
18584,Refund
18585,Transfer
18586,Refund
18587,Transfer
18588,Refund
18589,Transfer
18590,Refund
18591,Transfer
18592,Refund
18593,Transfer
18594,Refund
18595,Transfer
18596,Refund
18597,Transfer
18598,Refund
18599,Transfer
18600,Refund
18601,Transfer
18602,Refund
18603,Transfer
18604,Refund
18605,Transfer
18606,Refund
18607,Transfer
18608,Refund
18609,Transfer
18610,Refund
18611,Transfer
18612,Refund
18613,Transfer
18614,Refund
18615,Transfer
18616,Refund
18617,Transfer
18618,Refund
18619,Transfer
18620,Refund
18621,Transfer
18622,Refund
18623,Transfer
18624,Refund
18625,Transfer
